[INFO] Scanning for projects...
[INFO] 
[INFO] ----------------------< com.karvya:karvya-store >-----------------------
[INFO] Building karvya-store 1.0.0-SNAPSHOT
[INFO]   from pom.xml
[INFO] --------------------------------[ jar ]---------------------------------
[INFO] 
[INFO] >>> spring-boot:3.5.4:run (default-cli) > test-compile @ karvya-store >>>
[INFO] 
[INFO] --- resources:3.3.1:resources (default-resources) @ karvya-store ---
[INFO] Copying 3 resources from src\main\resources to target\classes
[INFO] Copying 8 resources from src\main\resources to target\classes
[INFO] 
[INFO] --- compiler:3.14.0:compile (default-compile) @ karvya-store ---
[INFO] Nothing to compile - all classes are up to date.
[INFO] 
[INFO] --- resources:3.3.1:testResources (default-testResources) @ karvya-store ---
[INFO] Copying 1 resource from src\test\resources to target\test-classes
[INFO] 
[INFO] --- compiler:3.14.0:testCompile (default-testCompile) @ karvya-store ---
[INFO] Nothing to compile - all classes are up to date.
[INFO] 
[INFO] <<< spring-boot:3.5.4:run (default-cli) < test-compile @ karvya-store <<<
[INFO] 
[INFO] 
[INFO] --- spring-boot:3.5.4:run (default-cli) @ karvya-store ---
[INFO] Attaching agents: []

  .   ____          _            __ _ _
 /\\ / ___'_ __ _ _(_)_ __  __ _ \ \ \ \
( ( )\___ | '_ | '_| | '_ \/ _` | \ \ \ \
 \\/  ___)| |_)| | | | | || (_| |  ) ) ) )
  '  |____| .__|_| |_|_| |_\__, | / / / /
 =========|_|==============|___/=/_/_/_/

 :: Spring Boot ::                (v3.5.4)

2026-08-29T07:59:03.631+03:00  INFO 17212 --- [karvya-store] [           main] com.karvya.store.KarvyaApplication       : Starting KarvyaApplication using Java 21.0.8 with PID 17212 (E:\karvya\backend\target\classes started by Dell in E:\karvya\backend)
2026-08-29T07:59:03.633+03:00 DEBUG 17212 --- [karvya-store] [           main] com.karvya.store.KarvyaApplication       : Running with Spring Boot v3.5.4, Spring v6.2.9
2026-08-29T07:59:03.633+03:00  INFO 17212 --- [karvya-store] [           main] com.karvya.store.KarvyaApplication       : The following 1 profile is active: "dev"
2026-08-29T07:59:05.174+03:00  INFO 17212 --- [karvya-store] [           main] .s.d.r.c.RepositoryConfigurationDelegate : Bootstrapping Spring Data JPA repositories in DEFAULT mode.
2026-08-29T07:59:05.283+03:00  INFO 17212 --- [karvya-store] [           main] .s.d.r.c.RepositoryConfigurationDelegate : Finished Spring Data repository scanning in 99 ms. Found 15 JPA repository interfaces.
2026-08-29T07:59:06.165+03:00  INFO 17212 --- [karvya-store] [           main] o.s.b.w.embedded.tomcat.TomcatWebServer  : Tomcat initialized with port 8080 (http)
2026-08-29T07:59:06.194+03:00  INFO 17212 --- [karvya-store] [           main] o.apache.catalina.core.StandardService   : Starting service [Tomcat]
2026-08-29T07:59:06.195+03:00  INFO 17212 --- [karvya-store] [           main] o.apache.catalina.core.StandardEngine    : Starting Servlet engine: [Apache Tomcat/10.1.43]
2026-08-29T07:59:06.354+03:00  INFO 17212 --- [karvya-store] [           main] o.a.c.c.C.[Tomcat].[localhost].[/]       : Initializing Spring embedded WebApplicationContext
2026-08-29T07:59:06.356+03:00  INFO 17212 --- [karvya-store] [           main] w.s.c.ServletWebServerApplicationContext : Root WebApplicationContext: initialization completed in 2675 ms
2026-08-29T07:59:07.298+03:00  INFO 17212 --- [karvya-store] [           main] com.zaxxer.hikari.HikariDataSource       : HikariPool-1 - Starting...
2026-08-29T07:59:07.595+03:00  INFO 17212 --- [karvya-store] [           main] com.zaxxer.hikari.pool.HikariPool        : HikariPool-1 - Added connection org.postgresql.jdbc.PgConnection@72f3acc9
2026-08-29T07:59:07.598+03:00  INFO 17212 --- [karvya-store] [           main] com.zaxxer.hikari.HikariDataSource       : HikariPool-1 - Start completed.
2026-08-29T07:59:07.663+03:00  INFO 17212 --- [karvya-store] [           main] org.flywaydb.core.FlywayExecutor         : Database: jdbc:postgresql://localhost:55432/karvya (PostgreSQL 17.5)
2026-08-29T07:59:07.739+03:00  INFO 17212 --- [karvya-store] [           main] o.f.core.internal.command.DbValidate     : Successfully validated 3 migrations (execution time 00:00.046s)
2026-08-29T07:59:07.763+03:00  INFO 17212 --- [karvya-store] [           main] o.f.core.internal.command.DbMigrate      : Current version of schema "public": 3
2026-08-29T07:59:07.767+03:00  INFO 17212 --- [karvya-store] [           main] o.f.core.internal.command.DbMigrate      : Schema "public" is up to date. No migration necessary.
2026-08-29T07:59:07.972+03:00  INFO 17212 --- [karvya-store] [           main] o.hibernate.jpa.internal.util.LogHelper  : HHH000204: Processing PersistenceUnitInfo [name: default]
2026-08-29T07:59:08.057+03:00  INFO 17212 --- [karvya-store] [           main] org.hibernate.Version                    : HHH000412: Hibernate ORM core version 6.6.22.Final
2026-08-29T07:59:08.113+03:00  INFO 17212 --- [karvya-store] [           main] o.h.c.internal.RegionFactoryInitiator    : HHH000026: Second-level cache disabled
2026-08-29T07:59:08.593+03:00  INFO 17212 --- [karvya-store] [           main] o.s.o.j.p.SpringPersistenceUnitInfo      : No LoadTimeWeaver setup: ignoring JPA class transformer
2026-08-29T07:59:08.707+03:00  INFO 17212 --- [karvya-store] [           main] org.hibernate.orm.connections.pooling    : HHH10001005: Database info:
	Database JDBC URL [Connecting through datasource 'HikariDataSource (HikariPool-1)']
	Database driver: undefined/unknown
	Database version: 17.5
	Autocommit mode: undefined/unknown
	Isolation level: undefined/unknown
	Minimum pool size: undefined/unknown
	Maximum pool size: undefined/unknown
2026-08-29T07:59:10.995+03:00  INFO 17212 --- [karvya-store] [           main] o.h.e.t.j.p.i.JtaPlatformInitiator       : HHH000489: No JTA platform available (set 'hibernate.transaction.jta.platform' to enable JTA platform integration)
2026-08-29T07:59:11.063+03:00  INFO 17212 --- [karvya-store] [           main] j.LocalContainerEntityManagerFactoryBean : Initialized JPA EntityManagerFactory for persistence unit 'default'
2026-08-29T07:59:11.570+03:00  INFO 17212 --- [karvya-store] [           main] o.s.d.j.r.query.QueryEnhancerFactory     : Hibernate is in classpath; If applicable, HQL parser will be used.
2026-08-29T07:59:17.470+03:00  INFO 17212 --- [karvya-store] [           main] c.k.s.i.media.LocalFileSystemStorage     : Media directory: E:\karvya\media
2026-08-29T07:59:18.859+03:00  INFO 17212 --- [karvya-store] [           main] o.s.b.a.e.web.EndpointLinksResolver      : Exposing 1 endpoint beneath base path '/actuator'
2026-08-29T07:59:20.541+03:00  INFO 17212 --- [karvya-store] [           main] o.s.b.w.embedded.tomcat.TomcatWebServer  : Tomcat started on port 8080 (http) with context path '/'
2026-08-29T07:59:20.574+03:00  INFO 17212 --- [karvya-store] [           main] com.karvya.store.KarvyaApplication       : Started KarvyaApplication in 17.393 seconds (process running for 17.677)
2026-08-29T07:59:20.667+03:00  INFO 17212 --- [karvya-store] [omcat-handler-0] o.a.c.c.C.[Tomcat].[localhost].[/]       : Initializing Spring DispatcherServlet 'dispatcherServlet'
2026-08-29T07:59:20.667+03:00  INFO 17212 --- [karvya-store] [omcat-handler-0] o.s.web.servlet.DispatcherServlet        : Initializing Servlet 'dispatcherServlet'
2026-08-29T07:59:20.672+03:00  INFO 17212 --- [karvya-store] [omcat-handler-0] o.s.web.servlet.DispatcherServlet        : Completed initialization in 5 ms
2026-08-29T07:59:20.708+03:00 DEBUG 17212 --- [karvya-store] [   scheduling-1] org.hibernate.SQL                        : 
    select
        en1_0.id,
        en1_0.attempts,
        en1_0.created_at,
        en1_0.last_attempt_at,
        en1_0.last_error,
        en1_0.next_attempt_at,
        en1_0.payload,
        en1_0.recipient,
        en1_0.related_order_id,
        en1_0.sent_at,
        en1_0.status,
        en1_0.subject,
        en1_0.type 
    from
        email_notification en1_0 
    where
        en1_0.status='PENDING' 
        and en1_0.next_attempt_at<=? 
    order by
        en1_0.next_attempt_at 
    fetch
        first ? rows only for no key update skip locked
2026-08-29T07:59:20.708+03:00 DEBUG 17212 --- [karvya-store] [           main] org.hibernate.SQL                        : 
    select
        count(au1_0.id) 
    from
        app_user au1_0 
    join
        user_role r1_0 
            on au1_0.id=r1_0.user_id 
    join
        role r1_1 
            on r1_1.id=r1_0.role_id 
    where
        r1_1.code=?
Hibernate: 
    select
        en1_0.id,
        en1_0.attempts,
        en1_0.created_at,
        en1_0.last_attempt_at,
        en1_0.last_error,
        en1_0.next_attempt_at,
        en1_0.payload,
        en1_0.recipient,
        en1_0.related_order_id,
        en1_0.sent_at,
        en1_0.status,
        en1_0.subject,
        en1_0.type 
    from
        email_notification en1_0 
    where
        en1_0.status='PENDING' 
        and en1_0.next_attempt_at<=? 
    order by
        en1_0.next_attempt_at 
    fetch
        first ? rows only for no key update skip locked
Hibernate: 
    select
        count(au1_0.id) 
    from
        app_user au1_0 
    join
        user_role r1_0 
            on au1_0.id=r1_0.user_id 
    join
        role r1_1 
            on r1_1.id=r1_0.role_id 
    where
        r1_1.code=?
2026-08-29T07:59:20.743+03:00 DEBUG 17212 --- [karvya-store] [           main] c.k.s.i.c.BootstrapAdminInitializer      : An administrator already exists; bootstrap skipped
2026-08-29T07:59:25.272+03:00 DEBUG 17212 --- [karvya-store] [omcat-handler-2] org.hibernate.SQL                        : 
    select
        c1_0.id,
        c1_0.name,
        c1_0.slug,
        c1_0.description,
        c1_0.image_key,
        (select
            count(p1_0.id) 
        from
            product p1_0 
        where
            p1_0.category_id=c1_0.id 
            and p1_0.status='ACTIVE') 
    from
        category c1_0 
    where
        c1_0.active=true 
    order by
        c1_0.display_order,
        c1_0.name
Hibernate: 
    select
        c1_0.id,
        c1_0.name,
        c1_0.slug,
        c1_0.description,
        c1_0.image_key,
        (select
            count(p1_0.id) 
        from
            product p1_0 
        where
            p1_0.category_id=c1_0.id 
            and p1_0.status='ACTIVE') 
    from
        category c1_0 
    where
        c1_0.active=true 
    order by
        c1_0.display_order,
        c1_0.name
2026-08-29T07:59:25.421+03:00 DEBUG 17212 --- [karvya-store] [omcat-handler-1] org.hibernate.SQL                        : 
    select
        p1_0.id,
        p1_0.care_instructions,
        p1_0.category_id,
        c1_0.id,
        c1_0.active,
        c1_0.created_at,
        c1_0.description,
        c1_0.display_order,
        c1_0.image_key,
        c1_0.name,
        c1_0.slug,
        c1_0.updated_at,
        c1_0.updated_by,
        p1_0.colour,
        p1_0.created_at,
        p1_0.description,
        p1_0.dimensions,
        p1_0.featured,
        p1_0.low_stock_threshold,
        p1_0.material,
        p1_0.name,
        p1_0.placeholder_content,
        p1_0.price,
        p1_0.short_description,
        p1_0.sku,
        p1_0.slug,
        p1_0.status,
        p1_0.stock_quantity,
        p1_0.updated_at,
        p1_0.updated_by,
        p1_0.version 
    from
        product p1_0 
    join
        category c1_0 
            on c1_0.id=p1_0.category_id 
    where
        1=1 
        and p1_0.status=? 
        and p1_0.featured=? 
    order by
        p1_0.featured desc,
        p1_0.name,
        p1_0.id 
    offset
        ? rows 
    fetch
        first ? rows only
Hibernate: 
    select
        p1_0.id,
        p1_0.care_instructions,
        p1_0.category_id,
        c1_0.id,
        c1_0.active,
        c1_0.created_at,
        c1_0.description,
        c1_0.display_order,
        c1_0.image_key,
        c1_0.name,
        c1_0.slug,
        c1_0.updated_at,
        c1_0.updated_by,
        p1_0.colour,
        p1_0.created_at,
        p1_0.description,
        p1_0.dimensions,
        p1_0.featured,
        p1_0.low_stock_threshold,
        p1_0.material,
        p1_0.name,
        p1_0.placeholder_content,
        p1_0.price,
        p1_0.short_description,
        p1_0.sku,
        p1_0.slug,
        p1_0.status,
        p1_0.stock_quantity,
        p1_0.updated_at,
        p1_0.updated_by,
        p1_0.version 
    from
        product p1_0 
    join
        category c1_0 
            on c1_0.id=p1_0.category_id 
    where
        1=1 
        and p1_0.status=? 
        and p1_0.featured=? 
    order by
        p1_0.featured desc,
        p1_0.name,
        p1_0.id 
    offset
        ? rows 
    fetch
        first ? rows only
2026-08-29T07:59:25.448+03:00 DEBUG 17212 --- [karvya-store] [omcat-handler-4] org.hibernate.SQL                        : 
    select
        ss1_0.setting_key,
        ss1_0.description,
        ss1_0.updated_at,
        ss1_0.updated_by,
        ss1_0.setting_value,
        ss1_0.value_type 
    from
        site_setting ss1_0
Hibernate: 
    select
        ss1_0.setting_key,
        ss1_0.description,
        ss1_0.updated_at,
        ss1_0.updated_by,
        ss1_0.setting_value,
        ss1_0.value_type 
    from
        site_setting ss1_0
2026-08-29T07:59:25.477+03:00 DEBUG 17212 --- [karvya-store] [omcat-handler-1] org.hibernate.SQL                        : 
    select
        i1_0.product_id,
        i1_0.id,
        i1_0.alt_text,
        i1_0.bytes,
        i1_0.content_type,
        i1_0.created_at,
        i1_0.display_order,
        i1_0.height,
        i1_0.is_primary,
        i1_0.storage_key,
        i1_0.width 
    from
        product_image i1_0 
    where
        i1_0.product_id = any (?) 
    order by
        i1_0.display_order,
        i1_0.id
Hibernate: 
    select
        i1_0.product_id,
        i1_0.id,
        i1_0.alt_text,
        i1_0.bytes,
        i1_0.content_type,
        i1_0.created_at,
        i1_0.display_order,
        i1_0.height,
        i1_0.is_primary,
        i1_0.storage_key,
        i1_0.width 
    from
        product_image i1_0 
    where
        i1_0.product_id = any (?) 
    order by
        i1_0.display_order,
        i1_0.id
2026-08-29T07:59:26.102+03:00 DEBUG 17212 --- [karvya-store] [mcat-handler-10] org.hibernate.SQL                        : 
    select
        p1_0.id,
        p1_0.care_instructions,
        p1_0.category_id,
        c1_0.id,
        c1_0.active,
        c1_0.created_at,
        c1_0.description,
        c1_0.display_order,
        c1_0.image_key,
        c1_0.name,
        c1_0.slug,
        c1_0.updated_at,
        c1_0.updated_by,
        p1_0.colour,
        p1_0.created_at,
        p1_0.description,
        p1_0.dimensions,
        p1_0.featured,
        i1_0.product_id,
        i1_0.id,
        i1_0.alt_text,
        i1_0.bytes,
        i1_0.content_type,
        i1_0.created_at,
        i1_0.display_order,
        i1_0.height,
        i1_0.is_primary,
        i1_0.storage_key,
        i1_0.width,
        p1_0.low_stock_threshold,
        p1_0.material,
        p1_0.name,
        p1_0.placeholder_content,
        p1_0.price,
        p1_0.short_description,
        p1_0.sku,
        p1_0.slug,
        p1_0.status,
        p1_0.stock_quantity,
        p1_0.updated_at,
        p1_0.updated_by,
        p1_0.version 
    from
        product p1_0 
    join
        category c1_0 
            on c1_0.id=p1_0.category_id 
    left join
        product_image i1_0 
            on p1_0.id=i1_0.product_id 
    where
        p1_0.slug=? 
        and p1_0.status=? 
    order by
        i1_0.display_order,
        i1_0.id
Hibernate: 
    select
        p1_0.id,
        p1_0.care_instructions,
        p1_0.category_id,
        c1_0.id,
        c1_0.active,
        c1_0.created_at,
        c1_0.description,
        c1_0.display_order,
        c1_0.image_key,
        c1_0.name,
        c1_0.slug,
        c1_0.updated_at,
        c1_0.updated_by,
        p1_0.colour,
        p1_0.created_at,
        p1_0.description,
        p1_0.dimensions,
        p1_0.featured,
        i1_0.product_id,
        i1_0.id,
        i1_0.alt_text,
        i1_0.bytes,
        i1_0.content_type,
        i1_0.created_at,
        i1_0.display_order,
        i1_0.height,
        i1_0.is_primary,
        i1_0.storage_key,
        i1_0.width,
        p1_0.low_stock_threshold,
        p1_0.material,
        p1_0.name,
        p1_0.placeholder_content,
        p1_0.price,
        p1_0.short_description,
        p1_0.sku,
        p1_0.slug,
        p1_0.status,
        p1_0.stock_quantity,
        p1_0.updated_at,
        p1_0.updated_by,
        p1_0.version 
    from
        product p1_0 
    join
        category c1_0 
            on c1_0.id=p1_0.category_id 
    left join
        product_image i1_0 
            on p1_0.id=i1_0.product_id 
    where
        p1_0.slug=? 
        and p1_0.status=? 
    order by
        i1_0.display_order,
        i1_0.id
2026-08-29T07:59:26.206+03:00 DEBUG 17212 --- [karvya-store] [mcat-handler-11] org.hibernate.SQL                        : 
    select
        p1_0.id,
        p1_0.care_instructions,
        p1_0.category_id,
        c1_0.id,
        c1_0.active,
        c1_0.created_at,
        c1_0.description,
        c1_0.display_order,
        c1_0.image_key,
        c1_0.name,
        c1_0.slug,
        c1_0.updated_at,
        c1_0.updated_by,
        p1_0.colour,
        p1_0.created_at,
        p1_0.description,
        p1_0.dimensions,
        p1_0.featured,
        i1_0.product_id,
        i1_0.id,
        i1_0.alt_text,
        i1_0.bytes,
        i1_0.content_type,
        i1_0.created_at,
        i1_0.display_order,
        i1_0.height,
        i1_0.is_primary,
        i1_0.storage_key,
        i1_0.width,
        p1_0.low_stock_threshold,
        p1_0.material,
        p1_0.name,
        p1_0.placeholder_content,
        p1_0.price,
        p1_0.short_description,
        p1_0.sku,
        p1_0.slug,
        p1_0.status,
        p1_0.stock_quantity,
        p1_0.updated_at,
        p1_0.updated_by,
        p1_0.version 
    from
        product p1_0 
    join
        category c1_0 
            on c1_0.id=p1_0.category_id 
    left join
        product_image i1_0 
            on p1_0.id=i1_0.product_id 
    where
        p1_0.slug=? 
        and p1_0.status=? 
    order by
        i1_0.display_order,
        i1_0.id
Hibernate: 
    select
        p1_0.id,
        p1_0.care_instructions,
        p1_0.category_id,
        c1_0.id,
        c1_0.active,
        c1_0.created_at,
        c1_0.description,
        c1_0.display_order,
        c1_0.image_key,
        c1_0.name,
        c1_0.slug,
        c1_0.updated_at,
        c1_0.updated_by,
        p1_0.colour,
        p1_0.created_at,
        p1_0.description,
        p1_0.dimensions,
        p1_0.featured,
        i1_0.product_id,
        i1_0.id,
        i1_0.alt_text,
        i1_0.bytes,
        i1_0.content_type,
        i1_0.created_at,
        i1_0.display_order,
        i1_0.height,
        i1_0.is_primary,
        i1_0.storage_key,
        i1_0.width,
        p1_0.low_stock_threshold,
        p1_0.material,
        p1_0.name,
        p1_0.placeholder_content,
        p1_0.price,
        p1_0.short_description,
        p1_0.sku,
        p1_0.slug,
        p1_0.status,
        p1_0.stock_quantity,
        p1_0.updated_at,
        p1_0.updated_by,
        p1_0.version 
    from
        product p1_0 
    join
        category c1_0 
            on c1_0.id=p1_0.category_id 
    left join
        product_image i1_0 
            on p1_0.id=i1_0.product_id 
    where
        p1_0.slug=? 
        and p1_0.status=? 
    order by
        i1_0.display_order,
        i1_0.id
2026-08-29T07:59:26.224+03:00 DEBUG 17212 --- [karvya-store] [mcat-handler-11] org.hibernate.SQL                        : 
    select
        p1_0.id,
        p1_0.care_instructions,
        p1_0.category_id,
        c1_0.id,
        c1_0.active,
        c1_0.created_at,
        c1_0.description,
        c1_0.display_order,
        c1_0.image_key,
        c1_0.name,
        c1_0.slug,
        c1_0.updated_at,
        c1_0.updated_by,
        p1_0.colour,
        p1_0.created_at,
        p1_0.description,
        p1_0.dimensions,
        p1_0.featured,
        p1_0.low_stock_threshold,
        p1_0.material,
        p1_0.name,
        p1_0.placeholder_content,
        p1_0.price,
        p1_0.short_description,
        p1_0.sku,
        p1_0.slug,
        p1_0.status,
        p1_0.stock_quantity,
        p1_0.updated_at,
        p1_0.updated_by,
        p1_0.version 
    from
        product p1_0 
    join
        category c1_0 
            on c1_0.id=p1_0.category_id 
    where
        p1_0.status=? 
        and p1_0.category_id=? 
        and p1_0.id<>? 
    order by
        p1_0.featured desc,
        p1_0.created_at desc 
    fetch
        first ? rows only
Hibernate: 
    select
        p1_0.id,
        p1_0.care_instructions,
        p1_0.category_id,
        c1_0.id,
        c1_0.active,
        c1_0.created_at,
        c1_0.description,
        c1_0.display_order,
        c1_0.image_key,
        c1_0.name,
        c1_0.slug,
        c1_0.updated_at,
        c1_0.updated_by,
        p1_0.colour,
        p1_0.created_at,
        p1_0.description,
        p1_0.dimensions,
        p1_0.featured,
        p1_0.low_stock_threshold,
        p1_0.material,
        p1_0.name,
        p1_0.placeholder_content,
        p1_0.price,
        p1_0.short_description,
        p1_0.sku,
        p1_0.slug,
        p1_0.status,
        p1_0.stock_quantity,
        p1_0.updated_at,
        p1_0.updated_by,
        p1_0.version 
    from
        product p1_0 
    join
        category c1_0 
            on c1_0.id=p1_0.category_id 
    where
        p1_0.status=? 
        and p1_0.category_id=? 
        and p1_0.id<>? 
    order by
        p1_0.featured desc,
        p1_0.created_at desc 
    fetch
        first ? rows only
2026-08-29T07:59:26.234+03:00 DEBUG 17212 --- [karvya-store] [mcat-handler-11] org.hibernate.SQL                        : 
    select
        i1_0.product_id,
        i1_0.id,
        i1_0.alt_text,
        i1_0.bytes,
        i1_0.content_type,
        i1_0.created_at,
        i1_0.display_order,
        i1_0.height,
        i1_0.is_primary,
        i1_0.storage_key,
        i1_0.width 
    from
        product_image i1_0 
    where
        i1_0.product_id = any (?) 
    order by
        i1_0.display_order,
        i1_0.id
Hibernate: 
    select
        i1_0.product_id,
        i1_0.id,
        i1_0.alt_text,
        i1_0.bytes,
        i1_0.content_type,
        i1_0.created_at,
        i1_0.display_order,
        i1_0.height,
        i1_0.is_primary,
        i1_0.storage_key,
        i1_0.width 
    from
        product_image i1_0 
    where
        i1_0.product_id = any (?) 
    order by
        i1_0.display_order,
        i1_0.id
2026-08-29T07:59:26.460+03:00 DEBUG 17212 --- [karvya-store] [mcat-handler-15] org.hibernate.SQL                        : 
    select
        p1_0.id,
        p1_0.care_instructions,
        p1_0.category_id,
        c1_0.id,
        c1_0.active,
        c1_0.created_at,
        c1_0.description,
        c1_0.display_order,
        c1_0.image_key,
        c1_0.name,
        c1_0.slug,
        c1_0.updated_at,
        c1_0.updated_by,
        p1_0.colour,
        p1_0.created_at,
        p1_0.description,
        p1_0.dimensions,
        p1_0.featured,
        i1_0.product_id,
        i1_0.id,
        i1_0.alt_text,
        i1_0.bytes,
        i1_0.content_type,
        i1_0.created_at,
        i1_0.display_order,
        i1_0.height,
        i1_0.is_primary,
        i1_0.storage_key,
        i1_0.width,
        p1_0.low_stock_threshold,
        p1_0.material,
        p1_0.name,
        p1_0.placeholder_content,
        p1_0.price,
        p1_0.short_description,
        p1_0.sku,
        p1_0.slug,
        p1_0.status,
        p1_0.stock_quantity,
        p1_0.updated_at,
        p1_0.updated_by,
        p1_0.version 
    from
        product p1_0 
    join
        category c1_0 
            on c1_0.id=p1_0.category_id 
    left join
        product_image i1_0 
            on p1_0.id=i1_0.product_id 
    where
        p1_0.id in (?) 
    order by
        i1_0.display_order,
        i1_0.id
Hibernate: 
    select
        p1_0.id,
        p1_0.care_instructions,
        p1_0.category_id,
        c1_0.id,
        c1_0.active,
        c1_0.created_at,
        c1_0.description,
        c1_0.display_order,
        c1_0.image_key,
        c1_0.name,
        c1_0.slug,
        c1_0.updated_at,
        c1_0.updated_by,
        p1_0.colour,
        p1_0.created_at,
        p1_0.description,
        p1_0.dimensions,
        p1_0.featured,
        i1_0.product_id,
        i1_0.id,
        i1_0.alt_text,
        i1_0.bytes,
        i1_0.content_type,
        i1_0.created_at,
        i1_0.display_order,
        i1_0.height,
        i1_0.is_primary,
        i1_0.storage_key,
        i1_0.width,
        p1_0.low_stock_threshold,
        p1_0.material,
        p1_0.name,
        p1_0.placeholder_content,
        p1_0.price,
        p1_0.short_description,
        p1_0.sku,
        p1_0.slug,
        p1_0.status,
        p1_0.stock_quantity,
        p1_0.updated_at,
        p1_0.updated_by,
        p1_0.version 
    from
        product p1_0 
    join
        category c1_0 
            on c1_0.id=p1_0.category_id 
    left join
        product_image i1_0 
            on p1_0.id=i1_0.product_id 
    where
        p1_0.id in (?) 
    order by
        i1_0.display_order,
        i1_0.id
2026-08-29T07:59:26.967+03:00 DEBUG 17212 --- [karvya-store] [mcat-handler-17] org.hibernate.SQL                        : 
    select
        p1_0.id,
        p1_0.care_instructions,
        p1_0.category_id,
        c1_0.id,
        c1_0.active,
        c1_0.created_at,
        c1_0.description,
        c1_0.display_order,
        c1_0.image_key,
        c1_0.name,
        c1_0.slug,
        c1_0.updated_at,
        c1_0.updated_by,
        p1_0.colour,
        p1_0.created_at,
        p1_0.description,
        p1_0.dimensions,
        p1_0.featured,
        i1_0.product_id,
        i1_0.id,
        i1_0.alt_text,
        i1_0.bytes,
        i1_0.content_type,
        i1_0.created_at,
        i1_0.display_order,
        i1_0.height,
        i1_0.is_primary,
        i1_0.storage_key,
        i1_0.width,
        p1_0.low_stock_threshold,
        p1_0.material,
        p1_0.name,
        p1_0.placeholder_content,
        p1_0.price,
        p1_0.short_description,
        p1_0.sku,
        p1_0.slug,
        p1_0.status,
        p1_0.stock_quantity,
        p1_0.updated_at,
        p1_0.updated_by,
        p1_0.version 
    from
        product p1_0 
    join
        category c1_0 
            on c1_0.id=p1_0.category_id 
    left join
        product_image i1_0 
            on p1_0.id=i1_0.product_id 
    where
        p1_0.id in (?) 
    order by
        i1_0.display_order,
        i1_0.id
Hibernate: 
    select
        p1_0.id,
        p1_0.care_instructions,
        p1_0.category_id,
        c1_0.id,
        c1_0.active,
        c1_0.created_at,
        c1_0.description,
        c1_0.display_order,
        c1_0.image_key,
        c1_0.name,
        c1_0.slug,
        c1_0.updated_at,
        c1_0.updated_by,
        p1_0.colour,
        p1_0.created_at,
        p1_0.description,
        p1_0.dimensions,
        p1_0.featured,
        i1_0.product_id,
        i1_0.id,
        i1_0.alt_text,
        i1_0.bytes,
        i1_0.content_type,
        i1_0.created_at,
        i1_0.display_order,
        i1_0.height,
        i1_0.is_primary,
        i1_0.storage_key,
        i1_0.width,
        p1_0.low_stock_threshold,
        p1_0.material,
        p1_0.name,
        p1_0.placeholder_content,
        p1_0.price,
        p1_0.short_description,
        p1_0.sku,
        p1_0.slug,
        p1_0.status,
        p1_0.stock_quantity,
        p1_0.updated_at,
        p1_0.updated_by,
        p1_0.version 
    from
        product p1_0 
    join
        category c1_0 
            on c1_0.id=p1_0.category_id 
    left join
        product_image i1_0 
            on p1_0.id=i1_0.product_id 
    where
        p1_0.id in (?) 
    order by
        i1_0.display_order,
        i1_0.id
2026-08-29T07:59:28.091+03:00 DEBUG 17212 --- [karvya-store] [mcat-handler-18] org.hibernate.SQL                        : 
    select
        pm1_0.id,
        pm1_0.active,
        pm1_0.code,
        pm1_0.created_at,
        pm1_0.display_order,
        pm1_0.instructions,
        pm1_0.label,
        pm1_0.updated_at,
        pm1_0.updated_by 
    from
        payment_method pm1_0 
    where
        pm1_0.active 
    order by
        pm1_0.display_order,
        pm1_0.label
Hibernate: 
    select
        pm1_0.id,
        pm1_0.active,
        pm1_0.code,
        pm1_0.created_at,
        pm1_0.display_order,
        pm1_0.instructions,
        pm1_0.label,
        pm1_0.updated_at,
        pm1_0.updated_by 
    from
        payment_method pm1_0 
    where
        pm1_0.active 
    order by
        pm1_0.display_order,
        pm1_0.label
2026-08-29T07:59:35.757+03:00 DEBUG 17212 --- [karvya-store] [   scheduling-1] org.hibernate.SQL                        : 
    select
        en1_0.id,
        en1_0.attempts,
        en1_0.created_at,
        en1_0.last_attempt_at,
        en1_0.last_error,
        en1_0.next_attempt_at,
        en1_0.payload,
        en1_0.recipient,
        en1_0.related_order_id,
        en1_0.sent_at,
        en1_0.status,
        en1_0.subject,
        en1_0.type 
    from
        email_notification en1_0 
    where
        en1_0.status='PENDING' 
        and en1_0.next_attempt_at<=? 
    order by
        en1_0.next_attempt_at 
    fetch
        first ? rows only for no key update skip locked
Hibernate: 
    select
        en1_0.id,
        en1_0.attempts,
        en1_0.created_at,
        en1_0.last_attempt_at,
        en1_0.last_error,
        en1_0.next_attempt_at,
        en1_0.payload,
        en1_0.recipient,
        en1_0.related_order_id,
        en1_0.sent_at,
        en1_0.status,
        en1_0.subject,
        en1_0.type 
    from
        email_notification en1_0 
    where
        en1_0.status='PENDING' 
        and en1_0.next_attempt_at<=? 
    order by
        en1_0.next_attempt_at 
    fetch
        first ? rows only for no key update skip locked
2026-08-29T07:59:50.778+03:00 DEBUG 17212 --- [karvya-store] [   scheduling-1] org.hibernate.SQL                        : 
    select
        en1_0.id,
        en1_0.attempts,
        en1_0.created_at,
        en1_0.last_attempt_at,
        en1_0.last_error,
        en1_0.next_attempt_at,
        en1_0.payload,
        en1_0.recipient,
        en1_0.related_order_id,
        en1_0.sent_at,
        en1_0.status,
        en1_0.subject,
        en1_0.type 
    from
        email_notification en1_0 
    where
        en1_0.status='PENDING' 
        and en1_0.next_attempt_at<=? 
    order by
        en1_0.next_attempt_at 
    fetch
        first ? rows only for no key update skip locked
Hibernate: 
    select
        en1_0.id,
        en1_0.attempts,
        en1_0.created_at,
        en1_0.last_attempt_at,
        en1_0.last_error,
        en1_0.next_attempt_at,
        en1_0.payload,
        en1_0.recipient,
        en1_0.related_order_id,
        en1_0.sent_at,
        en1_0.status,
        en1_0.subject,
        en1_0.type 
    from
        email_notification en1_0 
    where
        en1_0.status='PENDING' 
        and en1_0.next_attempt_at<=? 
    order by
        en1_0.next_attempt_at 
    fetch
        first ? rows only for no key update skip locked
2026-08-29T07:59:51.953+03:00 DEBUG 17212 --- [karvya-store] [mcat-handler-27] org.hibernate.SQL                        : 
    select
        c1_0.id,
        c1_0.name,
        c1_0.slug,
        c1_0.description,
        c1_0.image_key,
        (select
            count(p1_0.id) 
        from
            product p1_0 
        where
            p1_0.category_id=c1_0.id 
            and p1_0.status='ACTIVE') 
    from
        category c1_0 
    where
        c1_0.active=true 
    order by
        c1_0.display_order,
        c1_0.name
Hibernate: 
    select
        c1_0.id,
        c1_0.name,
        c1_0.slug,
        c1_0.description,
        c1_0.image_key,
        (select
            count(p1_0.id) 
        from
            product p1_0 
        where
            p1_0.category_id=c1_0.id 
            and p1_0.status='ACTIVE') 
    from
        category c1_0 
    where
        c1_0.active=true 
    order by
        c1_0.display_order,
        c1_0.name
2026-08-29T07:59:51.954+03:00 DEBUG 17212 --- [karvya-store] [mcat-handler-26] org.hibernate.SQL                        : 
    select
        p1_0.id,
        p1_0.care_instructions,
        p1_0.category_id,
        c1_0.id,
        c1_0.active,
        c1_0.created_at,
        c1_0.description,
        c1_0.display_order,
        c1_0.image_key,
        c1_0.name,
        c1_0.slug,
        c1_0.updated_at,
        c1_0.updated_by,
        p1_0.colour,
        p1_0.created_at,
        p1_0.description,
        p1_0.dimensions,
        p1_0.featured,
        p1_0.low_stock_threshold,
        p1_0.material,
        p1_0.name,
        p1_0.placeholder_content,
        p1_0.price,
        p1_0.short_description,
        p1_0.sku,
        p1_0.slug,
        p1_0.status,
        p1_0.stock_quantity,
        p1_0.updated_at,
        p1_0.updated_by,
        p1_0.version 
    from
        product p1_0 
    join
        category c1_0 
            on c1_0.id=p1_0.category_id 
    where
        1=1 
        and p1_0.status=? 
    order by
        p1_0.featured desc,
        p1_0.name,
        p1_0.id 
    offset
        ? rows 
    fetch
        first ? rows only
Hibernate: 
    select
        p1_0.id,
        p1_0.care_instructions,
        p1_0.category_id,
        c1_0.id,
        c1_0.active,
        c1_0.created_at,
        c1_0.description,
        c1_0.display_order,
        c1_0.image_key,
        c1_0.name,
        c1_0.slug,
        c1_0.updated_at,
        c1_0.updated_by,
        p1_0.colour,
        p1_0.created_at,
        p1_0.description,
        p1_0.dimensions,
        p1_0.featured,
        p1_0.low_stock_threshold,
        p1_0.material,
        p1_0.name,
        p1_0.placeholder_content,
        p1_0.price,
        p1_0.short_description,
        p1_0.sku,
        p1_0.slug,
        p1_0.status,
        p1_0.stock_quantity,
        p1_0.updated_at,
        p1_0.updated_by,
        p1_0.version 
    from
        product p1_0 
    join
        category c1_0 
            on c1_0.id=p1_0.category_id 
    where
        1=1 
        and p1_0.status=? 
    order by
        p1_0.featured desc,
        p1_0.name,
        p1_0.id 
    offset
        ? rows 
    fetch
        first ? rows only
2026-08-29T07:59:51.958+03:00 DEBUG 17212 --- [karvya-store] [mcat-handler-26] org.hibernate.SQL                        : 
    select
        i1_0.product_id,
        i1_0.id,
        i1_0.alt_text,
        i1_0.bytes,
        i1_0.content_type,
        i1_0.created_at,
        i1_0.display_order,
        i1_0.height,
        i1_0.is_primary,
        i1_0.storage_key,
        i1_0.width 
    from
        product_image i1_0 
    where
        i1_0.product_id = any (?) 
    order by
        i1_0.display_order,
        i1_0.id
Hibernate: 
    select
        i1_0.product_id,
        i1_0.id,
        i1_0.alt_text,
        i1_0.bytes,
        i1_0.content_type,
        i1_0.created_at,
        i1_0.display_order,
        i1_0.height,
        i1_0.is_primary,
        i1_0.storage_key,
        i1_0.width 
    from
        product_image i1_0 
    where
        i1_0.product_id = any (?) 
    order by
        i1_0.display_order,
        i1_0.id
2026-08-29T07:59:52.318+03:00 DEBUG 17212 --- [karvya-store] [mcat-handler-33] org.hibernate.SQL                        : 
    select
        p1_0.id,
        p1_0.care_instructions,
        p1_0.category_id,
        c1_0.id,
        c1_0.active,
        c1_0.created_at,
        c1_0.description,
        c1_0.display_order,
        c1_0.image_key,
        c1_0.name,
        c1_0.slug,
        c1_0.updated_at,
        c1_0.updated_by,
        p1_0.colour,
        p1_0.created_at,
        p1_0.description,
        p1_0.dimensions,
        p1_0.featured,
        i1_0.product_id,
        i1_0.id,
        i1_0.alt_text,
        i1_0.bytes,
        i1_0.content_type,
        i1_0.created_at,
        i1_0.display_order,
        i1_0.height,
        i1_0.is_primary,
        i1_0.storage_key,
        i1_0.width,
        p1_0.low_stock_threshold,
        p1_0.material,
        p1_0.name,
        p1_0.placeholder_content,
        p1_0.price,
        p1_0.short_description,
        p1_0.sku,
        p1_0.slug,
        p1_0.status,
        p1_0.stock_quantity,
        p1_0.updated_at,
        p1_0.updated_by,
        p1_0.version 
    from
        product p1_0 
    join
        category c1_0 
            on c1_0.id=p1_0.category_id 
    left join
        product_image i1_0 
            on p1_0.id=i1_0.product_id 
    where
        p1_0.slug=? 
        and p1_0.status=? 
    order by
        i1_0.display_order,
        i1_0.id
Hibernate: 
    select
        p1_0.id,
        p1_0.care_instructions,
        p1_0.category_id,
        c1_0.id,
        c1_0.active,
        c1_0.created_at,
        c1_0.description,
        c1_0.display_order,
        c1_0.image_key,
        c1_0.name,
        c1_0.slug,
        c1_0.updated_at,
        c1_0.updated_by,
        p1_0.colour,
        p1_0.created_at,
        p1_0.description,
        p1_0.dimensions,
        p1_0.featured,
        i1_0.product_id,
        i1_0.id,
        i1_0.alt_text,
        i1_0.bytes,
        i1_0.content_type,
        i1_0.created_at,
        i1_0.display_order,
        i1_0.height,
        i1_0.is_primary,
        i1_0.storage_key,
        i1_0.width,
        p1_0.low_stock_threshold,
        p1_0.material,
        p1_0.name,
        p1_0.placeholder_content,
        p1_0.price,
        p1_0.short_description,
        p1_0.sku,
        p1_0.slug,
        p1_0.status,
        p1_0.stock_quantity,
        p1_0.updated_at,
        p1_0.updated_by,
        p1_0.version 
    from
        product p1_0 
    join
        category c1_0 
            on c1_0.id=p1_0.category_id 
    left join
        product_image i1_0 
            on p1_0.id=i1_0.product_id 
    where
        p1_0.slug=? 
        and p1_0.status=? 
    order by
        i1_0.display_order,
        i1_0.id
2026-08-29T07:59:52.379+03:00 DEBUG 17212 --- [karvya-store] [mcat-handler-34] org.hibernate.SQL                        : 
    select
        p1_0.id,
        p1_0.care_instructions,
        p1_0.category_id,
        c1_0.id,
        c1_0.active,
        c1_0.created_at,
        c1_0.description,
        c1_0.display_order,
        c1_0.image_key,
        c1_0.name,
        c1_0.slug,
        c1_0.updated_at,
        c1_0.updated_by,
        p1_0.colour,
        p1_0.created_at,
        p1_0.description,
        p1_0.dimensions,
        p1_0.featured,
        i1_0.product_id,
        i1_0.id,
        i1_0.alt_text,
        i1_0.bytes,
        i1_0.content_type,
        i1_0.created_at,
        i1_0.display_order,
        i1_0.height,
        i1_0.is_primary,
        i1_0.storage_key,
        i1_0.width,
        p1_0.low_stock_threshold,
        p1_0.material,
        p1_0.name,
        p1_0.placeholder_content,
        p1_0.price,
        p1_0.short_description,
        p1_0.sku,
        p1_0.slug,
        p1_0.status,
        p1_0.stock_quantity,
        p1_0.updated_at,
        p1_0.updated_by,
        p1_0.version 
    from
        product p1_0 
    join
        category c1_0 
            on c1_0.id=p1_0.category_id 
    left join
        product_image i1_0 
            on p1_0.id=i1_0.product_id 
    where
        p1_0.slug=? 
        and p1_0.status=? 
    order by
        i1_0.display_order,
        i1_0.id
Hibernate: 
    select
        p1_0.id,
        p1_0.care_instructions,
        p1_0.category_id,
        c1_0.id,
        c1_0.active,
        c1_0.created_at,
        c1_0.description,
        c1_0.display_order,
        c1_0.image_key,
        c1_0.name,
        c1_0.slug,
        c1_0.updated_at,
        c1_0.updated_by,
        p1_0.colour,
        p1_0.created_at,
        p1_0.description,
        p1_0.dimensions,
        p1_0.featured,
        i1_0.product_id,
        i1_0.id,
        i1_0.alt_text,
        i1_0.bytes,
        i1_0.content_type,
        i1_0.created_at,
        i1_0.display_order,
        i1_0.height,
        i1_0.is_primary,
        i1_0.storage_key,
        i1_0.width,
        p1_0.low_stock_threshold,
        p1_0.material,
        p1_0.name,
        p1_0.placeholder_content,
        p1_0.price,
        p1_0.short_description,
        p1_0.sku,
        p1_0.slug,
        p1_0.status,
        p1_0.stock_quantity,
        p1_0.updated_at,
        p1_0.updated_by,
        p1_0.version 
    from
        product p1_0 
    join
        category c1_0 
            on c1_0.id=p1_0.category_id 
    left join
        product_image i1_0 
            on p1_0.id=i1_0.product_id 
    where
        p1_0.slug=? 
        and p1_0.status=? 
    order by
        i1_0.display_order,
        i1_0.id
2026-08-29T07:59:52.395+03:00 DEBUG 17212 --- [karvya-store] [mcat-handler-34] org.hibernate.SQL                        : 
    select
        p1_0.id,
        p1_0.care_instructions,
        p1_0.category_id,
        c1_0.id,
        c1_0.active,
        c1_0.created_at,
        c1_0.description,
        c1_0.display_order,
        c1_0.image_key,
        c1_0.name,
        c1_0.slug,
        c1_0.updated_at,
        c1_0.updated_by,
        p1_0.colour,
        p1_0.created_at,
        p1_0.description,
        p1_0.dimensions,
        p1_0.featured,
        p1_0.low_stock_threshold,
        p1_0.material,
        p1_0.name,
        p1_0.placeholder_content,
        p1_0.price,
        p1_0.short_description,
        p1_0.sku,
        p1_0.slug,
        p1_0.status,
        p1_0.stock_quantity,
        p1_0.updated_at,
        p1_0.updated_by,
        p1_0.version 
    from
        product p1_0 
    join
        category c1_0 
            on c1_0.id=p1_0.category_id 
    where
        p1_0.status=? 
        and p1_0.category_id=? 
        and p1_0.id<>? 
    order by
        p1_0.featured desc,
        p1_0.created_at desc 
    fetch
        first ? rows only
Hibernate: 
    select
        p1_0.id,
        p1_0.care_instructions,
        p1_0.category_id,
        c1_0.id,
        c1_0.active,
        c1_0.created_at,
        c1_0.description,
        c1_0.display_order,
        c1_0.image_key,
        c1_0.name,
        c1_0.slug,
        c1_0.updated_at,
        c1_0.updated_by,
        p1_0.colour,
        p1_0.created_at,
        p1_0.description,
        p1_0.dimensions,
        p1_0.featured,
        p1_0.low_stock_threshold,
        p1_0.material,
        p1_0.name,
        p1_0.placeholder_content,
        p1_0.price,
        p1_0.short_description,
        p1_0.sku,
        p1_0.slug,
        p1_0.status,
        p1_0.stock_quantity,
        p1_0.updated_at,
        p1_0.updated_by,
        p1_0.version 
    from
        product p1_0 
    join
        category c1_0 
            on c1_0.id=p1_0.category_id 
    where
        p1_0.status=? 
        and p1_0.category_id=? 
        and p1_0.id<>? 
    order by
        p1_0.featured desc,
        p1_0.created_at desc 
    fetch
        first ? rows only
2026-08-29T07:59:52.404+03:00 DEBUG 17212 --- [karvya-store] [mcat-handler-34] org.hibernate.SQL                        : 
    select
        i1_0.product_id,
        i1_0.id,
        i1_0.alt_text,
        i1_0.bytes,
        i1_0.content_type,
        i1_0.created_at,
        i1_0.display_order,
        i1_0.height,
        i1_0.is_primary,
        i1_0.storage_key,
        i1_0.width 
    from
        product_image i1_0 
    where
        i1_0.product_id = any (?) 
    order by
        i1_0.display_order,
        i1_0.id
Hibernate: 
    select
        i1_0.product_id,
        i1_0.id,
        i1_0.alt_text,
        i1_0.bytes,
        i1_0.content_type,
        i1_0.created_at,
        i1_0.display_order,
        i1_0.height,
        i1_0.is_primary,
        i1_0.storage_key,
        i1_0.width 
    from
        product_image i1_0 
    where
        i1_0.product_id = any (?) 
    order by
        i1_0.display_order,
        i1_0.id
2026-08-29T07:59:52.572+03:00 DEBUG 17212 --- [karvya-store] [mcat-handler-37] org.hibernate.SQL                        : 
    select
        p1_0.id,
        p1_0.care_instructions,
        p1_0.category_id,
        c1_0.id,
        c1_0.active,
        c1_0.created_at,
        c1_0.description,
        c1_0.display_order,
        c1_0.image_key,
        c1_0.name,
        c1_0.slug,
        c1_0.updated_at,
        c1_0.updated_by,
        p1_0.colour,
        p1_0.created_at,
        p1_0.description,
        p1_0.dimensions,
        p1_0.featured,
        i1_0.product_id,
        i1_0.id,
        i1_0.alt_text,
        i1_0.bytes,
        i1_0.content_type,
        i1_0.created_at,
        i1_0.display_order,
        i1_0.height,
        i1_0.is_primary,
        i1_0.storage_key,
        i1_0.width,
        p1_0.low_stock_threshold,
        p1_0.material,
        p1_0.name,
        p1_0.placeholder_content,
        p1_0.price,
        p1_0.short_description,
        p1_0.sku,
        p1_0.slug,
        p1_0.status,
        p1_0.stock_quantity,
        p1_0.updated_at,
        p1_0.updated_by,
        p1_0.version 
    from
        product p1_0 
    join
        category c1_0 
            on c1_0.id=p1_0.category_id 
    left join
        product_image i1_0 
            on p1_0.id=i1_0.product_id 
    where
        p1_0.id in (?) 
    order by
        i1_0.display_order,
        i1_0.id
Hibernate: 
    select
        p1_0.id,
        p1_0.care_instructions,
        p1_0.category_id,
        c1_0.id,
        c1_0.active,
        c1_0.created_at,
        c1_0.description,
        c1_0.display_order,
        c1_0.image_key,
        c1_0.name,
        c1_0.slug,
        c1_0.updated_at,
        c1_0.updated_by,
        p1_0.colour,
        p1_0.created_at,
        p1_0.description,
        p1_0.dimensions,
        p1_0.featured,
        i1_0.product_id,
        i1_0.id,
        i1_0.alt_text,
        i1_0.bytes,
        i1_0.content_type,
        i1_0.created_at,
        i1_0.display_order,
        i1_0.height,
        i1_0.is_primary,
        i1_0.storage_key,
        i1_0.width,
        p1_0.low_stock_threshold,
        p1_0.material,
        p1_0.name,
        p1_0.placeholder_content,
        p1_0.price,
        p1_0.short_description,
        p1_0.sku,
        p1_0.slug,
        p1_0.status,
        p1_0.stock_quantity,
        p1_0.updated_at,
        p1_0.updated_by,
        p1_0.version 
    from
        product p1_0 
    join
        category c1_0 
            on c1_0.id=p1_0.category_id 
    left join
        product_image i1_0 
            on p1_0.id=i1_0.product_id 
    where
        p1_0.id in (?) 
    order by
        i1_0.display_order,
        i1_0.id
2026-08-29T07:59:53.076+03:00 DEBUG 17212 --- [karvya-store] [mcat-handler-39] org.hibernate.SQL                        : 
    select
        p1_0.id,
        p1_0.care_instructions,
        p1_0.category_id,
        c1_0.id,
        c1_0.active,
        c1_0.created_at,
        c1_0.description,
        c1_0.display_order,
        c1_0.image_key,
        c1_0.name,
        c1_0.slug,
        c1_0.updated_at,
        c1_0.updated_by,
        p1_0.colour,
        p1_0.created_at,
        p1_0.description,
        p1_0.dimensions,
        p1_0.featured,
        i1_0.product_id,
        i1_0.id,
        i1_0.alt_text,
        i1_0.bytes,
        i1_0.content_type,
        i1_0.created_at,
        i1_0.display_order,
        i1_0.height,
        i1_0.is_primary,
        i1_0.storage_key,
        i1_0.width,
        p1_0.low_stock_threshold,
        p1_0.material,
        p1_0.name,
        p1_0.placeholder_content,
        p1_0.price,
        p1_0.short_description,
        p1_0.sku,
        p1_0.slug,
        p1_0.status,
        p1_0.stock_quantity,
        p1_0.updated_at,
        p1_0.updated_by,
        p1_0.version 
    from
        product p1_0 
    join
        category c1_0 
            on c1_0.id=p1_0.category_id 
    left join
        product_image i1_0 
            on p1_0.id=i1_0.product_id 
    where
        p1_0.id in (?) 
    order by
        i1_0.display_order,
        i1_0.id
Hibernate: 
    select
        p1_0.id,
        p1_0.care_instructions,
        p1_0.category_id,
        c1_0.id,
        c1_0.active,
        c1_0.created_at,
        c1_0.description,
        c1_0.display_order,
        c1_0.image_key,
        c1_0.name,
        c1_0.slug,
        c1_0.updated_at,
        c1_0.updated_by,
        p1_0.colour,
        p1_0.created_at,
        p1_0.description,
        p1_0.dimensions,
        p1_0.featured,
        i1_0.product_id,
        i1_0.id,
        i1_0.alt_text,
        i1_0.bytes,
        i1_0.content_type,
        i1_0.created_at,
        i1_0.display_order,
        i1_0.height,
        i1_0.is_primary,
        i1_0.storage_key,
        i1_0.width,
        p1_0.low_stock_threshold,
        p1_0.material,
        p1_0.name,
        p1_0.placeholder_content,
        p1_0.price,
        p1_0.short_description,
        p1_0.sku,
        p1_0.slug,
        p1_0.status,
        p1_0.stock_quantity,
        p1_0.updated_at,
        p1_0.updated_by,
        p1_0.version 
    from
        product p1_0 
    join
        category c1_0 
            on c1_0.id=p1_0.category_id 
    left join
        product_image i1_0 
            on p1_0.id=i1_0.product_id 
    where
        p1_0.id in (?) 
    order by
        i1_0.display_order,
        i1_0.id
2026-08-29T07:59:53.848+03:00 DEBUG 17212 --- [karvya-store] [mcat-handler-40] org.hibernate.SQL                        : 
    select
        au1_0.id 
    from
        app_user au1_0 
    where
        au1_0.email_normalized=? 
    fetch
        first ? rows only
Hibernate: 
    select
        au1_0.id 
    from
        app_user au1_0 
    where
        au1_0.email_normalized=? 
    fetch
        first ? rows only
2026-08-29T07:59:53.856+03:00 DEBUG 17212 --- [karvya-store] [mcat-handler-40] org.hibernate.SQL                        : 
    select
        au1_0.id 
    from
        app_user au1_0 
    where
        au1_0.phone=? 
    fetch
        first ? rows only
Hibernate: 
    select
        au1_0.id 
    from
        app_user au1_0 
    where
        au1_0.phone=? 
    fetch
        first ? rows only
2026-08-29T08:00:05.786+03:00 DEBUG 17212 --- [karvya-store] [   scheduling-1] org.hibernate.SQL                        : 
    select
        en1_0.id,
        en1_0.attempts,
        en1_0.created_at,
        en1_0.last_attempt_at,
        en1_0.last_error,
        en1_0.next_attempt_at,
        en1_0.payload,
        en1_0.recipient,
        en1_0.related_order_id,
        en1_0.sent_at,
        en1_0.status,
        en1_0.subject,
        en1_0.type 
    from
        email_notification en1_0 
    where
        en1_0.status='PENDING' 
        and en1_0.next_attempt_at<=? 
    order by
        en1_0.next_attempt_at 
    fetch
        first ? rows only for no key update skip locked
Hibernate: 
    select
        en1_0.id,
        en1_0.attempts,
        en1_0.created_at,
        en1_0.last_attempt_at,
        en1_0.last_error,
        en1_0.next_attempt_at,
        en1_0.payload,
        en1_0.recipient,
        en1_0.related_order_id,
        en1_0.sent_at,
        en1_0.status,
        en1_0.subject,
        en1_0.type 
    from
        email_notification en1_0 
    where
        en1_0.status='PENDING' 
        and en1_0.next_attempt_at<=? 
    order by
        en1_0.next_attempt_at 
    fetch
        first ? rows only for no key update skip locked
2026-08-29T08:00:20.807+03:00 DEBUG 17212 --- [karvya-store] [   scheduling-1] org.hibernate.SQL                        : 
    select
        en1_0.id,
        en1_0.attempts,
        en1_0.created_at,
        en1_0.last_attempt_at,
        en1_0.last_error,
        en1_0.next_attempt_at,
        en1_0.payload,
        en1_0.recipient,
        en1_0.related_order_id,
        en1_0.sent_at,
        en1_0.status,
        en1_0.subject,
        en1_0.type 
    from
        email_notification en1_0 
    where
        en1_0.status='PENDING' 
        and en1_0.next_attempt_at<=? 
    order by
        en1_0.next_attempt_at 
    fetch
        first ? rows only for no key update skip locked
Hibernate: 
    select
        en1_0.id,
        en1_0.attempts,
        en1_0.created_at,
        en1_0.last_attempt_at,
        en1_0.last_error,
        en1_0.next_attempt_at,
        en1_0.payload,
        en1_0.recipient,
        en1_0.related_order_id,
        en1_0.sent_at,
        en1_0.status,
        en1_0.subject,
        en1_0.type 
    from
        email_notification en1_0 
    where
        en1_0.status='PENDING' 
        and en1_0.next_attempt_at<=? 
    order by
        en1_0.next_attempt_at 
    fetch
        first ? rows only for no key update skip locked
2026-08-29T08:00:35.821+03:00 DEBUG 17212 --- [karvya-store] [   scheduling-1] org.hibernate.SQL                        : 
    select
        en1_0.id,
        en1_0.attempts,
        en1_0.created_at,
        en1_0.last_attempt_at,
        en1_0.last_error,
        en1_0.next_attempt_at,
        en1_0.payload,
        en1_0.recipient,
        en1_0.related_order_id,
        en1_0.sent_at,
        en1_0.status,
        en1_0.subject,
        en1_0.type 
    from
        email_notification en1_0 
    where
        en1_0.status='PENDING' 
        and en1_0.next_attempt_at<=? 
    order by
        en1_0.next_attempt_at 
    fetch
        first ? rows only for no key update skip locked
Hibernate: 
    select
        en1_0.id,
        en1_0.attempts,
        en1_0.created_at,
        en1_0.last_attempt_at,
        en1_0.last_error,
        en1_0.next_attempt_at,
        en1_0.payload,
        en1_0.recipient,
        en1_0.related_order_id,
        en1_0.sent_at,
        en1_0.status,
        en1_0.subject,
        en1_0.type 
    from
        email_notification en1_0 
    where
        en1_0.status='PENDING' 
        and en1_0.next_attempt_at<=? 
    order by
        en1_0.next_attempt_at 
    fetch
        first ? rows only for no key update skip locked
2026-08-29T08:00:50.841+03:00 DEBUG 17212 --- [karvya-store] [   scheduling-1] org.hibernate.SQL                        : 
    select
        en1_0.id,
        en1_0.attempts,
        en1_0.created_at,
        en1_0.last_attempt_at,
        en1_0.last_error,
        en1_0.next_attempt_at,
        en1_0.payload,
        en1_0.recipient,
        en1_0.related_order_id,
        en1_0.sent_at,
        en1_0.status,
        en1_0.subject,
        en1_0.type 
    from
        email_notification en1_0 
    where
        en1_0.status='PENDING' 
        and en1_0.next_attempt_at<=? 
    order by
        en1_0.next_attempt_at 
    fetch
        first ? rows only for no key update skip locked
Hibernate: 
    select
        en1_0.id,
        en1_0.attempts,
        en1_0.created_at,
        en1_0.last_attempt_at,
        en1_0.last_error,
        en1_0.next_attempt_at,
        en1_0.payload,
        en1_0.recipient,
        en1_0.related_order_id,
        en1_0.sent_at,
        en1_0.status,
        en1_0.subject,
        en1_0.type 
    from
        email_notification en1_0 
    where
        en1_0.status='PENDING' 
        and en1_0.next_attempt_at<=? 
    order by
        en1_0.next_attempt_at 
    fetch
        first ? rows only for no key update skip locked
2026-08-29T08:00:53.069+03:00 DEBUG 17212 --- [karvya-store] [mcat-handler-44] org.hibernate.SQL                        : 
    select
        c1_0.id,
        c1_0.name,
        c1_0.slug,
        c1_0.description,
        c1_0.image_key,
        (select
            count(p1_0.id) 
        from
            product p1_0 
        where
            p1_0.category_id=c1_0.id 
            and p1_0.status='ACTIVE') 
    from
        category c1_0 
    where
        c1_0.active=true 
    order by
        c1_0.display_order,
        c1_0.name
Hibernate: 
    select
        c1_0.id,
        c1_0.name,
        c1_0.slug,
        c1_0.description,
        c1_0.image_key,
        (select
            count(p1_0.id) 
        from
            product p1_0 
        where
            p1_0.category_id=c1_0.id 
            and p1_0.status='ACTIVE') 
    from
        category c1_0 
    where
        c1_0.active=true 
    order by
        c1_0.display_order,
        c1_0.name
2026-08-29T08:00:53.079+03:00 DEBUG 17212 --- [karvya-store] [mcat-handler-43] org.hibernate.SQL                        : 
    select
        p1_0.id,
        p1_0.care_instructions,
        p1_0.category_id,
        c1_0.id,
        c1_0.active,
        c1_0.created_at,
        c1_0.description,
        c1_0.display_order,
        c1_0.image_key,
        c1_0.name,
        c1_0.slug,
        c1_0.updated_at,
        c1_0.updated_by,
        p1_0.colour,
        p1_0.created_at,
        p1_0.description,
        p1_0.dimensions,
        p1_0.featured,
        p1_0.low_stock_threshold,
        p1_0.material,
        p1_0.name,
        p1_0.placeholder_content,
        p1_0.price,
        p1_0.short_description,
        p1_0.sku,
        p1_0.slug,
        p1_0.status,
        p1_0.stock_quantity,
        p1_0.updated_at,
        p1_0.updated_by,
        p1_0.version 
    from
        product p1_0 
    join
        category c1_0 
            on c1_0.id=p1_0.category_id 
    where
        1=1 
        and p1_0.status=? 
        and p1_0.featured=? 
    order by
        p1_0.featured desc,
        p1_0.name,
        p1_0.id 
    offset
        ? rows 
    fetch
        first ? rows only
Hibernate: 
    select
        p1_0.id,
        p1_0.care_instructions,
        p1_0.category_id,
        c1_0.id,
        c1_0.active,
        c1_0.created_at,
        c1_0.description,
        c1_0.display_order,
        c1_0.image_key,
        c1_0.name,
        c1_0.slug,
        c1_0.updated_at,
        c1_0.updated_by,
        p1_0.colour,
        p1_0.created_at,
        p1_0.description,
        p1_0.dimensions,
        p1_0.featured,
        p1_0.low_stock_threshold,
        p1_0.material,
        p1_0.name,
        p1_0.placeholder_content,
        p1_0.price,
        p1_0.short_description,
        p1_0.sku,
        p1_0.slug,
        p1_0.status,
        p1_0.stock_quantity,
        p1_0.updated_at,
        p1_0.updated_by,
        p1_0.version 
    from
        product p1_0 
    join
        category c1_0 
            on c1_0.id=p1_0.category_id 
    where
        1=1 
        and p1_0.status=? 
        and p1_0.featured=? 
    order by
        p1_0.featured desc,
        p1_0.name,
        p1_0.id 
    offset
        ? rows 
    fetch
        first ? rows only
2026-08-29T08:00:53.088+03:00 DEBUG 17212 --- [karvya-store] [mcat-handler-43] org.hibernate.SQL                        : 
    select
        i1_0.product_id,
        i1_0.id,
        i1_0.alt_text,
        i1_0.bytes,
        i1_0.content_type,
        i1_0.created_at,
        i1_0.display_order,
        i1_0.height,
        i1_0.is_primary,
        i1_0.storage_key,
        i1_0.width 
    from
        product_image i1_0 
    where
        i1_0.product_id = any (?) 
    order by
        i1_0.display_order,
        i1_0.id
Hibernate: 
    select
        i1_0.product_id,
        i1_0.id,
        i1_0.alt_text,
        i1_0.bytes,
        i1_0.content_type,
        i1_0.created_at,
        i1_0.display_order,
        i1_0.height,
        i1_0.is_primary,
        i1_0.storage_key,
        i1_0.width 
    from
        product_image i1_0 
    where
        i1_0.product_id = any (?) 
    order by
        i1_0.display_order,
        i1_0.id
2026-08-29T08:00:53.588+03:00 DEBUG 17212 --- [karvya-store] [mcat-handler-52] org.hibernate.SQL                        : 
    select
        p1_0.id,
        p1_0.care_instructions,
        p1_0.category_id,
        c1_0.id,
        c1_0.active,
        c1_0.created_at,
        c1_0.description,
        c1_0.display_order,
        c1_0.image_key,
        c1_0.name,
        c1_0.slug,
        c1_0.updated_at,
        c1_0.updated_by,
        p1_0.colour,
        p1_0.created_at,
        p1_0.description,
        p1_0.dimensions,
        p1_0.featured,
        p1_0.low_stock_threshold,
        p1_0.material,
        p1_0.name,
        p1_0.placeholder_content,
        p1_0.price,
        p1_0.short_description,
        p1_0.sku,
        p1_0.slug,
        p1_0.status,
        p1_0.stock_quantity,
        p1_0.updated_at,
        p1_0.updated_by,
        p1_0.version 
    from
        product p1_0 
    join
        category c1_0 
            on c1_0.id=p1_0.category_id 
    where
        1=1 
        and p1_0.status=? 
    order by
        p1_0.featured desc,
        p1_0.name,
        p1_0.id 
    offset
        ? rows 
    fetch
        first ? rows only
Hibernate: 
    select
        p1_0.id,
        p1_0.care_instructions,
        p1_0.category_id,
        c1_0.id,
        c1_0.active,
        c1_0.created_at,
        c1_0.description,
        c1_0.display_order,
        c1_0.image_key,
        c1_0.name,
        c1_0.slug,
        c1_0.updated_at,
        c1_0.updated_by,
        p1_0.colour,
        p1_0.created_at,
        p1_0.description,
        p1_0.dimensions,
        p1_0.featured,
        p1_0.low_stock_threshold,
        p1_0.material,
        p1_0.name,
        p1_0.placeholder_content,
        p1_0.price,
        p1_0.short_description,
        p1_0.sku,
        p1_0.slug,
        p1_0.status,
        p1_0.stock_quantity,
        p1_0.updated_at,
        p1_0.updated_by,
        p1_0.version 
    from
        product p1_0 
    join
        category c1_0 
            on c1_0.id=p1_0.category_id 
    where
        1=1 
        and p1_0.status=? 
    order by
        p1_0.featured desc,
        p1_0.name,
        p1_0.id 
    offset
        ? rows 
    fetch
        first ? rows only
2026-08-29T08:00:53.657+03:00 DEBUG 17212 --- [karvya-store] [mcat-handler-52] org.hibernate.SQL                        : 
    select
        i1_0.product_id,
        i1_0.id,
        i1_0.alt_text,
        i1_0.bytes,
        i1_0.content_type,
        i1_0.created_at,
        i1_0.display_order,
        i1_0.height,
        i1_0.is_primary,
        i1_0.storage_key,
        i1_0.width 
    from
        product_image i1_0 
    where
        i1_0.product_id = any (?) 
    order by
        i1_0.display_order,
        i1_0.id
Hibernate: 
    select
        i1_0.product_id,
        i1_0.id,
        i1_0.alt_text,
        i1_0.bytes,
        i1_0.content_type,
        i1_0.created_at,
        i1_0.display_order,
        i1_0.height,
        i1_0.is_primary,
        i1_0.storage_key,
        i1_0.width 
    from
        product_image i1_0 
    where
        i1_0.product_id = any (?) 
    order by
        i1_0.display_order,
        i1_0.id
2026-08-29T08:00:53.991+03:00 DEBUG 17212 --- [karvya-store] [mcat-handler-55] org.hibernate.SQL                        : 
    select
        p1_0.id,
        p1_0.care_instructions,
        p1_0.category_id,
        c1_0.id,
        c1_0.active,
        c1_0.created_at,
        c1_0.description,
        c1_0.display_order,
        c1_0.image_key,
        c1_0.name,
        c1_0.slug,
        c1_0.updated_at,
        c1_0.updated_by,
        p1_0.colour,
        p1_0.created_at,
        p1_0.description,
        p1_0.dimensions,
        p1_0.featured,
        i1_0.product_id,
        i1_0.id,
        i1_0.alt_text,
        i1_0.bytes,
        i1_0.content_type,
        i1_0.created_at,
        i1_0.display_order,
        i1_0.height,
        i1_0.is_primary,
        i1_0.storage_key,
        i1_0.width,
        p1_0.low_stock_threshold,
        p1_0.material,
        p1_0.name,
        p1_0.placeholder_content,
        p1_0.price,
        p1_0.short_description,
        p1_0.sku,
        p1_0.slug,
        p1_0.status,
        p1_0.stock_quantity,
        p1_0.updated_at,
        p1_0.updated_by,
        p1_0.version 
    from
        product p1_0 
    join
        category c1_0 
            on c1_0.id=p1_0.category_id 
    left join
        product_image i1_0 
            on p1_0.id=i1_0.product_id 
    where
        p1_0.slug=? 
        and p1_0.status=? 
    order by
        i1_0.display_order,
        i1_0.id
Hibernate: 
    select
        p1_0.id,
        p1_0.care_instructions,
        p1_0.category_id,
        c1_0.id,
        c1_0.active,
        c1_0.created_at,
        c1_0.description,
        c1_0.display_order,
        c1_0.image_key,
        c1_0.name,
        c1_0.slug,
        c1_0.updated_at,
        c1_0.updated_by,
        p1_0.colour,
        p1_0.created_at,
        p1_0.description,
        p1_0.dimensions,
        p1_0.featured,
        i1_0.product_id,
        i1_0.id,
        i1_0.alt_text,
        i1_0.bytes,
        i1_0.content_type,
        i1_0.created_at,
        i1_0.display_order,
        i1_0.height,
        i1_0.is_primary,
        i1_0.storage_key,
        i1_0.width,
        p1_0.low_stock_threshold,
        p1_0.material,
        p1_0.name,
        p1_0.placeholder_content,
        p1_0.price,
        p1_0.short_description,
        p1_0.sku,
        p1_0.slug,
        p1_0.status,
        p1_0.stock_quantity,
        p1_0.updated_at,
        p1_0.updated_by,
        p1_0.version 
    from
        product p1_0 
    join
        category c1_0 
            on c1_0.id=p1_0.category_id 
    left join
        product_image i1_0 
            on p1_0.id=i1_0.product_id 
    where
        p1_0.slug=? 
        and p1_0.status=? 
    order by
        i1_0.display_order,
        i1_0.id
2026-08-29T08:00:54.047+03:00 DEBUG 17212 --- [karvya-store] [mcat-handler-56] org.hibernate.SQL                        : 
    select
        p1_0.id,
        p1_0.care_instructions,
        p1_0.category_id,
        c1_0.id,
        c1_0.active,
        c1_0.created_at,
        c1_0.description,
        c1_0.display_order,
        c1_0.image_key,
        c1_0.name,
        c1_0.slug,
        c1_0.updated_at,
        c1_0.updated_by,
        p1_0.colour,
        p1_0.created_at,
        p1_0.description,
        p1_0.dimensions,
        p1_0.featured,
        i1_0.product_id,
        i1_0.id,
        i1_0.alt_text,
        i1_0.bytes,
        i1_0.content_type,
        i1_0.created_at,
        i1_0.display_order,
        i1_0.height,
        i1_0.is_primary,
        i1_0.storage_key,
        i1_0.width,
        p1_0.low_stock_threshold,
        p1_0.material,
        p1_0.name,
        p1_0.placeholder_content,
        p1_0.price,
        p1_0.short_description,
        p1_0.sku,
        p1_0.slug,
        p1_0.status,
        p1_0.stock_quantity,
        p1_0.updated_at,
        p1_0.updated_by,
        p1_0.version 
    from
        product p1_0 
    join
        category c1_0 
            on c1_0.id=p1_0.category_id 
    left join
        product_image i1_0 
            on p1_0.id=i1_0.product_id 
    where
        p1_0.slug=? 
        and p1_0.status=? 
    order by
        i1_0.display_order,
        i1_0.id
Hibernate: 
    select
        p1_0.id,
        p1_0.care_instructions,
        p1_0.category_id,
        c1_0.id,
        c1_0.active,
        c1_0.created_at,
        c1_0.description,
        c1_0.display_order,
        c1_0.image_key,
        c1_0.name,
        c1_0.slug,
        c1_0.updated_at,
        c1_0.updated_by,
        p1_0.colour,
        p1_0.created_at,
        p1_0.description,
        p1_0.dimensions,
        p1_0.featured,
        i1_0.product_id,
        i1_0.id,
        i1_0.alt_text,
        i1_0.bytes,
        i1_0.content_type,
        i1_0.created_at,
        i1_0.display_order,
        i1_0.height,
        i1_0.is_primary,
        i1_0.storage_key,
        i1_0.width,
        p1_0.low_stock_threshold,
        p1_0.material,
        p1_0.name,
        p1_0.placeholder_content,
        p1_0.price,
        p1_0.short_description,
        p1_0.sku,
        p1_0.slug,
        p1_0.status,
        p1_0.stock_quantity,
        p1_0.updated_at,
        p1_0.updated_by,
        p1_0.version 
    from
        product p1_0 
    join
        category c1_0 
            on c1_0.id=p1_0.category_id 
    left join
        product_image i1_0 
            on p1_0.id=i1_0.product_id 
    where
        p1_0.slug=? 
        and p1_0.status=? 
    order by
        i1_0.display_order,
        i1_0.id
2026-08-29T08:00:54.056+03:00 DEBUG 17212 --- [karvya-store] [mcat-handler-56] org.hibernate.SQL                        : 
    select
        p1_0.id,
        p1_0.care_instructions,
        p1_0.category_id,
        c1_0.id,
        c1_0.active,
        c1_0.created_at,
        c1_0.description,
        c1_0.display_order,
        c1_0.image_key,
        c1_0.name,
        c1_0.slug,
        c1_0.updated_at,
        c1_0.updated_by,
        p1_0.colour,
        p1_0.created_at,
        p1_0.description,
        p1_0.dimensions,
        p1_0.featured,
        p1_0.low_stock_threshold,
        p1_0.material,
        p1_0.name,
        p1_0.placeholder_content,
        p1_0.price,
        p1_0.short_description,
        p1_0.sku,
        p1_0.slug,
        p1_0.status,
        p1_0.stock_quantity,
        p1_0.updated_at,
        p1_0.updated_by,
        p1_0.version 
    from
        product p1_0 
    join
        category c1_0 
            on c1_0.id=p1_0.category_id 
    where
        p1_0.status=? 
        and p1_0.category_id=? 
        and p1_0.id<>? 
    order by
        p1_0.featured desc,
        p1_0.created_at desc 
    fetch
        first ? rows only
Hibernate: 
    select
        p1_0.id,
        p1_0.care_instructions,
        p1_0.category_id,
        c1_0.id,
        c1_0.active,
        c1_0.created_at,
        c1_0.description,
        c1_0.display_order,
        c1_0.image_key,
        c1_0.name,
        c1_0.slug,
        c1_0.updated_at,
        c1_0.updated_by,
        p1_0.colour,
        p1_0.created_at,
        p1_0.description,
        p1_0.dimensions,
        p1_0.featured,
        p1_0.low_stock_threshold,
        p1_0.material,
        p1_0.name,
        p1_0.placeholder_content,
        p1_0.price,
        p1_0.short_description,
        p1_0.sku,
        p1_0.slug,
        p1_0.status,
        p1_0.stock_quantity,
        p1_0.updated_at,
        p1_0.updated_by,
        p1_0.version 
    from
        product p1_0 
    join
        category c1_0 
            on c1_0.id=p1_0.category_id 
    where
        p1_0.status=? 
        and p1_0.category_id=? 
        and p1_0.id<>? 
    order by
        p1_0.featured desc,
        p1_0.created_at desc 
    fetch
        first ? rows only
2026-08-29T08:00:54.061+03:00 DEBUG 17212 --- [karvya-store] [mcat-handler-56] org.hibernate.SQL                        : 
    select
        i1_0.product_id,
        i1_0.id,
        i1_0.alt_text,
        i1_0.bytes,
        i1_0.content_type,
        i1_0.created_at,
        i1_0.display_order,
        i1_0.height,
        i1_0.is_primary,
        i1_0.storage_key,
        i1_0.width 
    from
        product_image i1_0 
    where
        i1_0.product_id = any (?) 
    order by
        i1_0.display_order,
        i1_0.id
Hibernate: 
    select
        i1_0.product_id,
        i1_0.id,
        i1_0.alt_text,
        i1_0.bytes,
        i1_0.content_type,
        i1_0.created_at,
        i1_0.display_order,
        i1_0.height,
        i1_0.is_primary,
        i1_0.storage_key,
        i1_0.width 
    from
        product_image i1_0 
    where
        i1_0.product_id = any (?) 
    order by
        i1_0.display_order,
        i1_0.id
2026-08-29T08:00:54.186+03:00 DEBUG 17212 --- [karvya-store] [mcat-handler-58] org.hibernate.SQL                        : 
    select
        p1_0.id,
        p1_0.care_instructions,
        p1_0.category_id,
        c1_0.id,
        c1_0.active,
        c1_0.created_at,
        c1_0.description,
        c1_0.display_order,
        c1_0.image_key,
        c1_0.name,
        c1_0.slug,
        c1_0.updated_at,
        c1_0.updated_by,
        p1_0.colour,
        p1_0.created_at,
        p1_0.description,
        p1_0.dimensions,
        p1_0.featured,
        i1_0.product_id,
        i1_0.id,
        i1_0.alt_text,
        i1_0.bytes,
        i1_0.content_type,
        i1_0.created_at,
        i1_0.display_order,
        i1_0.height,
        i1_0.is_primary,
        i1_0.storage_key,
        i1_0.width,
        p1_0.low_stock_threshold,
        p1_0.material,
        p1_0.name,
        p1_0.placeholder_content,
        p1_0.price,
        p1_0.short_description,
        p1_0.sku,
        p1_0.slug,
        p1_0.status,
        p1_0.stock_quantity,
        p1_0.updated_at,
        p1_0.updated_by,
        p1_0.version 
    from
        product p1_0 
    join
        category c1_0 
            on c1_0.id=p1_0.category_id 
    left join
        product_image i1_0 
            on p1_0.id=i1_0.product_id 
    where
        p1_0.id in (?) 
    order by
        i1_0.display_order,
        i1_0.id
Hibernate: 
    select
        p1_0.id,
        p1_0.care_instructions,
        p1_0.category_id,
        c1_0.id,
        c1_0.active,
        c1_0.created_at,
        c1_0.description,
        c1_0.display_order,
        c1_0.image_key,
        c1_0.name,
        c1_0.slug,
        c1_0.updated_at,
        c1_0.updated_by,
        p1_0.colour,
        p1_0.created_at,
        p1_0.description,
        p1_0.dimensions,
        p1_0.featured,
        i1_0.product_id,
        i1_0.id,
        i1_0.alt_text,
        i1_0.bytes,
        i1_0.content_type,
        i1_0.created_at,
        i1_0.display_order,
        i1_0.height,
        i1_0.is_primary,
        i1_0.storage_key,
        i1_0.width,
        p1_0.low_stock_threshold,
        p1_0.material,
        p1_0.name,
        p1_0.placeholder_content,
        p1_0.price,
        p1_0.short_description,
        p1_0.sku,
        p1_0.slug,
        p1_0.status,
        p1_0.stock_quantity,
        p1_0.updated_at,
        p1_0.updated_by,
        p1_0.version 
    from
        product p1_0 
    join
        category c1_0 
            on c1_0.id=p1_0.category_id 
    left join
        product_image i1_0 
            on p1_0.id=i1_0.product_id 
    where
        p1_0.id in (?) 
    order by
        i1_0.display_order,
        i1_0.id
2026-08-29T08:00:54.491+03:00 DEBUG 17212 --- [karvya-store] [mcat-handler-60] org.hibernate.SQL                        : 
    select
        p1_0.id,
        p1_0.care_instructions,
        p1_0.category_id,
        c1_0.id,
        c1_0.active,
        c1_0.created_at,
        c1_0.description,
        c1_0.display_order,
        c1_0.image_key,
        c1_0.name,
        c1_0.slug,
        c1_0.updated_at,
        c1_0.updated_by,
        p1_0.colour,
        p1_0.created_at,
        p1_0.description,
        p1_0.dimensions,
        p1_0.featured,
        i1_0.product_id,
        i1_0.id,
        i1_0.alt_text,
        i1_0.bytes,
        i1_0.content_type,
        i1_0.created_at,
        i1_0.display_order,
        i1_0.height,
        i1_0.is_primary,
        i1_0.storage_key,
        i1_0.width,
        p1_0.low_stock_threshold,
        p1_0.material,
        p1_0.name,
        p1_0.placeholder_content,
        p1_0.price,
        p1_0.short_description,
        p1_0.sku,
        p1_0.slug,
        p1_0.status,
        p1_0.stock_quantity,
        p1_0.updated_at,
        p1_0.updated_by,
        p1_0.version 
    from
        product p1_0 
    join
        category c1_0 
            on c1_0.id=p1_0.category_id 
    left join
        product_image i1_0 
            on p1_0.id=i1_0.product_id 
    where
        p1_0.id in (?) 
    order by
        i1_0.display_order,
        i1_0.id
Hibernate: 
    select
        p1_0.id,
        p1_0.care_instructions,
        p1_0.category_id,
        c1_0.id,
        c1_0.active,
        c1_0.created_at,
        c1_0.description,
        c1_0.display_order,
        c1_0.image_key,
        c1_0.name,
        c1_0.slug,
        c1_0.updated_at,
        c1_0.updated_by,
        p1_0.colour,
        p1_0.created_at,
        p1_0.description,
        p1_0.dimensions,
        p1_0.featured,
        i1_0.product_id,
        i1_0.id,
        i1_0.alt_text,
        i1_0.bytes,
        i1_0.content_type,
        i1_0.created_at,
        i1_0.display_order,
        i1_0.height,
        i1_0.is_primary,
        i1_0.storage_key,
        i1_0.width,
        p1_0.low_stock_threshold,
        p1_0.material,
        p1_0.name,
        p1_0.placeholder_content,
        p1_0.price,
        p1_0.short_description,
        p1_0.sku,
        p1_0.slug,
        p1_0.status,
        p1_0.stock_quantity,
        p1_0.updated_at,
        p1_0.updated_by,
        p1_0.version 
    from
        product p1_0 
    join
        category c1_0 
            on c1_0.id=p1_0.category_id 
    left join
        product_image i1_0 
            on p1_0.id=i1_0.product_id 
    where
        p1_0.id in (?) 
    order by
        i1_0.display_order,
        i1_0.id
2026-08-29T08:00:55.052+03:00 DEBUG 17212 --- [karvya-store] [mcat-handler-61] org.hibernate.SQL                        : 
    select
        pm1_0.id,
        pm1_0.active,
        pm1_0.code,
        pm1_0.created_at,
        pm1_0.display_order,
        pm1_0.instructions,
        pm1_0.label,
        pm1_0.updated_at,
        pm1_0.updated_by 
    from
        payment_method pm1_0 
    where
        pm1_0.active 
    order by
        pm1_0.display_order,
        pm1_0.label
Hibernate: 
    select
        pm1_0.id,
        pm1_0.active,
        pm1_0.code,
        pm1_0.created_at,
        pm1_0.display_order,
        pm1_0.instructions,
        pm1_0.label,
        pm1_0.updated_at,
        pm1_0.updated_by 
    from
        payment_method pm1_0 
    where
        pm1_0.active 
    order by
        pm1_0.display_order,
        pm1_0.label
2026-08-29T08:00:56.237+03:00 DEBUG 17212 --- [karvya-store] [mcat-handler-62] org.hibernate.SQL                        : 
    select
        pm1_0.id,
        pm1_0.active,
        pm1_0.code,
        pm1_0.created_at,
        pm1_0.display_order,
        pm1_0.instructions,
        pm1_0.label,
        pm1_0.updated_at,
        pm1_0.updated_by 
    from
        payment_method pm1_0 
    where
        pm1_0.code=? 
        and pm1_0.active
Hibernate: 
    select
        pm1_0.id,
        pm1_0.active,
        pm1_0.code,
        pm1_0.created_at,
        pm1_0.display_order,
        pm1_0.instructions,
        pm1_0.label,
        pm1_0.updated_at,
        pm1_0.updated_by 
    from
        payment_method pm1_0 
    where
        pm1_0.code=? 
        and pm1_0.active
2026-08-29T08:00:56.258+03:00 DEBUG 17212 --- [karvya-store] [mcat-handler-62] org.hibernate.SQL                        : 
    select
        p1_0.id,
        p1_0.care_instructions,
        p1_0.category_id,
        p1_0.colour,
        p1_0.created_at,
        p1_0.description,
        p1_0.dimensions,
        p1_0.featured,
        p1_0.low_stock_threshold,
        p1_0.material,
        p1_0.name,
        p1_0.placeholder_content,
        p1_0.price,
        p1_0.short_description,
        p1_0.sku,
        p1_0.slug,
        p1_0.status,
        p1_0.stock_quantity,
        p1_0.updated_at,
        p1_0.updated_by,
        p1_0.version 
    from
        product p1_0 
    where
        p1_0.id in (?) 
    order by
        p1_0.id for no key update
Hibernate: 
    select
        p1_0.id,
        p1_0.care_instructions,
        p1_0.category_id,
        p1_0.colour,
        p1_0.created_at,
        p1_0.description,
        p1_0.dimensions,
        p1_0.featured,
        p1_0.low_stock_threshold,
        p1_0.material,
        p1_0.name,
        p1_0.placeholder_content,
        p1_0.price,
        p1_0.short_description,
        p1_0.sku,
        p1_0.slug,
        p1_0.status,
        p1_0.stock_quantity,
        p1_0.updated_at,
        p1_0.updated_by,
        p1_0.version 
    from
        product p1_0 
    where
        p1_0.id in (?) 
    order by
        p1_0.id for no key update
2026-08-29T08:00:56.283+03:00 DEBUG 17212 --- [karvya-store] [mcat-handler-62] org.hibernate.SQL                        : 
    select
        co1_0.id 
    from
        customer_order co1_0 
    where
        co1_0.order_number=? 
    fetch
        first ? rows only
Hibernate: 
    select
        co1_0.id 
    from
        customer_order co1_0 
    where
        co1_0.order_number=? 
    fetch
        first ? rows only
2026-08-29T08:00:56.289+03:00 DEBUG 17212 --- [karvya-store] [mcat-handler-62] org.hibernate.SQL                        : 
    select
        i1_0.product_id,
        i1_0.id,
        i1_0.alt_text,
        i1_0.bytes,
        i1_0.content_type,
        i1_0.created_at,
        i1_0.display_order,
        i1_0.height,
        i1_0.is_primary,
        i1_0.storage_key,
        i1_0.width 
    from
        product_image i1_0 
    where
        i1_0.product_id=? 
    order by
        i1_0.display_order,
        i1_0.id
Hibernate: 
    select
        i1_0.product_id,
        i1_0.id,
        i1_0.alt_text,
        i1_0.bytes,
        i1_0.content_type,
        i1_0.created_at,
        i1_0.display_order,
        i1_0.height,
        i1_0.is_primary,
        i1_0.storage_key,
        i1_0.width 
    from
        product_image i1_0 
    where
        i1_0.product_id=? 
    order by
        i1_0.display_order,
        i1_0.id
2026-08-29T08:00:56.323+03:00 DEBUG 17212 --- [karvya-store] [mcat-handler-62] org.hibernate.SQL                        : 
    insert 
    into
        customer_order
        (access_token_hash, address_line1, address_line2, city, created_at, currency, customer_comments, delivery_charge, delivery_email, delivery_name, delivery_notes, delivery_phone, internal_notes, order_number, payment_method_code, payment_status, placed_at, postal_code, state, status, stock_restored_at, subtotal, total, updated_at, updated_by, user_id, version) 
    values
        (?, ?, ?, ?, ?, ?, ?, ?, ?, ?, ?, ?, ?, ?, ?, ?, ?, ?, ?, ?, ?, ?, ?, ?, ?, ?, ?)
Hibernate: 
    insert 
    into
        customer_order
        (access_token_hash, address_line1, address_line2, city, created_at, currency, customer_comments, delivery_charge, delivery_email, delivery_name, delivery_notes, delivery_phone, internal_notes, order_number, payment_method_code, payment_status, placed_at, postal_code, state, status, stock_restored_at, subtotal, total, updated_at, updated_by, user_id, version) 
    values
        (?, ?, ?, ?, ?, ?, ?, ?, ?, ?, ?, ?, ?, ?, ?, ?, ?, ?, ?, ?, ?, ?, ?, ?, ?, ?, ?)
2026-08-29T08:00:56.347+03:00 DEBUG 17212 --- [karvya-store] [mcat-handler-62] org.hibernate.SQL                        : 
    insert 
    into
        order_status_history
        (changed_at, changed_by, field, from_value, note, order_id, to_value) 
    values
        (?, ?, ?, ?, ?, ?, ?)
Hibernate: 
    insert 
    into
        order_status_history
        (changed_at, changed_by, field, from_value, note, order_id, to_value) 
    values
        (?, ?, ?, ?, ?, ?, ?)
2026-08-29T08:00:56.355+03:00 DEBUG 17212 --- [karvya-store] [mcat-handler-62] org.hibernate.SQL                        : 
    insert 
    into
        order_item
        (image_key, line_total, order_id, product_id, product_name, product_sku, quantity, unit_price) 
    values
        (?, ?, ?, ?, ?, ?, ?, ?)
Hibernate: 
    insert 
    into
        order_item
        (image_key, line_total, order_id, product_id, product_name, product_sku, quantity, unit_price) 
    values
        (?, ?, ?, ?, ?, ?, ?, ?)
2026-08-29T08:00:56.372+03:00 DEBUG 17212 --- [karvya-store] [mcat-handler-62] org.hibernate.SQL                        : 
    update
        product 
    set
        care_instructions=?,
        category_id=?,
        colour=?,
        description=?,
        dimensions=?,
        featured=?,
        low_stock_threshold=?,
        material=?,
        name=?,
        placeholder_content=?,
        price=?,
        short_description=?,
        sku=?,
        slug=?,
        status=?,
        stock_quantity=?,
        updated_at=?,
        updated_by=?,
        version=? 
    where
        id=? 
        and version=?
Hibernate: 
    update
        product 
    set
        care_instructions=?,
        category_id=?,
        colour=?,
        description=?,
        dimensions=?,
        featured=?,
        low_stock_threshold=?,
        material=?,
        name=?,
        placeholder_content=?,
        price=?,
        short_description=?,
        sku=?,
        slug=?,
        status=?,
        stock_quantity=?,
        updated_at=?,
        updated_by=?,
        version=? 
    where
        id=? 
        and version=?
2026-08-29T08:00:56.384+03:00 DEBUG 17212 --- [karvya-store] [mcat-handler-62] org.hibernate.SQL                        : 
    insert 
    into
        email_notification
        (attempts, created_at, last_attempt_at, last_error, next_attempt_at, payload, recipient, related_order_id, sent_at, status, subject, type) 
    values
        (?, ?, ?, ?, ?, ?, ?, ?, ?, ?, ?, ?)
Hibernate: 
    insert 
    into
        email_notification
        (attempts, created_at, last_attempt_at, last_error, next_attempt_at, payload, recipient, related_order_id, sent_at, status, subject, type) 
    values
        (?, ?, ?, ?, ?, ?, ?, ?, ?, ?, ?, ?)
2026-08-29T08:00:56.389+03:00 DEBUG 17212 --- [karvya-store] [mcat-handler-62] org.hibernate.SQL                        : 
    insert 
    into
        email_notification
        (attempts, created_at, last_attempt_at, last_error, next_attempt_at, payload, recipient, related_order_id, sent_at, status, subject, type) 
    values
        (?, ?, ?, ?, ?, ?, ?, ?, ?, ?, ?, ?)
Hibernate: 
    insert 
    into
        email_notification
        (attempts, created_at, last_attempt_at, last_error, next_attempt_at, payload, recipient, related_order_id, sent_at, status, subject, type) 
    values
        (?, ?, ?, ?, ?, ?, ?, ?, ?, ?, ?, ?)
2026-08-29T08:00:56.391+03:00  INFO 17212 --- [karvya-store] [mcat-handler-62] c.k.s.a.order.PlaceOrderService          : Order KV-260829-17HN placed with 1 lines, total 950.00
2026-08-29T08:00:56.669+03:00 DEBUG 17212 --- [karvya-store] [mcat-handler-63] org.hibernate.SQL                        : 
    select
        co1_0.id,
        co1_0.access_token_hash,
        co1_0.address_line1,
        co1_0.address_line2,
        co1_0.city,
        co1_0.created_at,
        co1_0.currency,
        co1_0.customer_comments,
        co1_0.delivery_charge,
        co1_0.delivery_email,
        co1_0.delivery_name,
        co1_0.delivery_notes,
        co1_0.delivery_phone,
        co1_0.internal_notes,
        i1_0.order_id,
        i1_0.id,
        i1_0.image_key,
        i1_0.line_total,
        i1_0.product_id,
        i1_0.product_name,
        i1_0.product_sku,
        i1_0.quantity,
        i1_0.unit_price,
        co1_0.order_number,
        co1_0.payment_method_code,
        co1_0.payment_status,
        co1_0.placed_at,
        co1_0.postal_code,
        co1_0.state,
        co1_0.status,
        co1_0.stock_restored_at,
        co1_0.subtotal,
        co1_0.total,
        co1_0.updated_at,
        co1_0.updated_by,
        co1_0.user_id,
        co1_0.version 
    from
        customer_order co1_0 
    left join
        order_item i1_0 
            on co1_0.id=i1_0.order_id 
    where
        co1_0.order_number=? 
    order by
        i1_0.id
Hibernate: 
    select
        co1_0.id,
        co1_0.access_token_hash,
        co1_0.address_line1,
        co1_0.address_line2,
        co1_0.city,
        co1_0.created_at,
        co1_0.currency,
        co1_0.customer_comments,
        co1_0.delivery_charge,
        co1_0.delivery_email,
        co1_0.delivery_name,
        co1_0.delivery_notes,
        co1_0.delivery_phone,
        co1_0.internal_notes,
        i1_0.order_id,
        i1_0.id,
        i1_0.image_key,
        i1_0.line_total,
        i1_0.product_id,
        i1_0.product_name,
        i1_0.product_sku,
        i1_0.quantity,
        i1_0.unit_price,
        co1_0.order_number,
        co1_0.payment_method_code,
        co1_0.payment_status,
        co1_0.placed_at,
        co1_0.postal_code,
        co1_0.state,
        co1_0.status,
        co1_0.stock_restored_at,
        co1_0.subtotal,
        co1_0.total,
        co1_0.updated_at,
        co1_0.updated_by,
        co1_0.user_id,
        co1_0.version 
    from
        customer_order co1_0 
    left join
        order_item i1_0 
            on co1_0.id=i1_0.order_id 
    where
        co1_0.order_number=? 
    order by
        i1_0.id
2026-08-29T08:00:56.678+03:00 DEBUG 17212 --- [karvya-store] [mcat-handler-63] org.hibernate.SQL                        : 
    select
        pm1_0.id,
        pm1_0.active,
        pm1_0.code,
        pm1_0.created_at,
        pm1_0.display_order,
        pm1_0.instructions,
        pm1_0.label,
        pm1_0.updated_at,
        pm1_0.updated_by 
    from
        payment_method pm1_0 
    where
        pm1_0.code=?
Hibernate: 
    select
        pm1_0.id,
        pm1_0.active,
        pm1_0.code,
        pm1_0.created_at,
        pm1_0.display_order,
        pm1_0.instructions,
        pm1_0.label,
        pm1_0.updated_at,
        pm1_0.updated_by 
    from
        payment_method pm1_0 
    where
        pm1_0.code=?
2026-08-29T08:00:56.685+03:00 DEBUG 17212 --- [karvya-store] [mcat-handler-63] org.hibernate.SQL                        : 
    select
        p1_0.id,
        p1_0.care_instructions,
        p1_0.category_id,
        p1_0.colour,
        p1_0.created_at,
        p1_0.description,
        p1_0.dimensions,
        p1_0.featured,
        p1_0.low_stock_threshold,
        p1_0.material,
        p1_0.name,
        p1_0.placeholder_content,
        p1_0.price,
        p1_0.short_description,
        p1_0.sku,
        p1_0.slug,
        p1_0.status,
        p1_0.stock_quantity,
        p1_0.updated_at,
        p1_0.updated_by,
        p1_0.version 
    from
        product p1_0 
    where
        p1_0.id=?
Hibernate: 
    select
        p1_0.id,
        p1_0.care_instructions,
        p1_0.category_id,
        p1_0.colour,
        p1_0.created_at,
        p1_0.description,
        p1_0.dimensions,
        p1_0.featured,
        p1_0.low_stock_threshold,
        p1_0.material,
        p1_0.name,
        p1_0.placeholder_content,
        p1_0.price,
        p1_0.short_description,
        p1_0.sku,
        p1_0.slug,
        p1_0.status,
        p1_0.stock_quantity,
        p1_0.updated_at,
        p1_0.updated_by,
        p1_0.version 
    from
        product p1_0 
    where
        p1_0.id=?
2026-08-29T08:00:56.690+03:00 DEBUG 17212 --- [karvya-store] [mcat-handler-63] org.hibernate.SQL                        : 
    select
        h1_0.order_id,
        h1_0.id,
        h1_0.changed_at,
        h1_0.changed_by,
        h1_0.field,
        h1_0.from_value,
        h1_0.note,
        h1_0.to_value 
    from
        order_status_history h1_0 
    where
        h1_0.order_id=? 
    order by
        h1_0.changed_at,
        h1_0.id
Hibernate: 
    select
        h1_0.order_id,
        h1_0.id,
        h1_0.changed_at,
        h1_0.changed_by,
        h1_0.field,
        h1_0.from_value,
        h1_0.note,
        h1_0.to_value 
    from
        order_status_history h1_0 
    where
        h1_0.order_id=? 
    order by
        h1_0.changed_at,
        h1_0.id
2026-08-29T08:00:58.714+03:00 DEBUG 17212 --- [karvya-store] [mcat-handler-69] org.hibernate.SQL                        : 
    select
        au1_0.id,
        au1_0.created_at,
        au1_0.email,
        au1_0.email_normalized,
        au1_0.email_verified_at,
        au1_0.enabled,
        au1_0.failed_attempts,
        au1_0.full_name,
        au1_0.last_login_at,
        au1_0.locked_until,
        au1_0.must_change_password,
        au1_0.password_hash,
        au1_0.phone,
        au1_0.updated_at,
        au1_0.updated_by,
        au1_0.version 
    from
        app_user au1_0 
    where
        au1_0.email_normalized=?
Hibernate: 
    select
        au1_0.id,
        au1_0.created_at,
        au1_0.email,
        au1_0.email_normalized,
        au1_0.email_verified_at,
        au1_0.enabled,
        au1_0.failed_attempts,
        au1_0.full_name,
        au1_0.last_login_at,
        au1_0.locked_until,
        au1_0.must_change_password,
        au1_0.password_hash,
        au1_0.phone,
        au1_0.updated_at,
        au1_0.updated_by,
        au1_0.version 
    from
        app_user au1_0 
    where
        au1_0.email_normalized=?
2026-08-29T08:00:58.721+03:00 DEBUG 17212 --- [karvya-store] [mcat-handler-69] org.hibernate.SQL                        : 
    select
        r1_0.user_id,
        r1_1.id,
        r1_1.code,
        r1_1.created_at,
        r1_1.label 
    from
        user_role r1_0 
    join
        role r1_1 
            on r1_1.id=r1_0.role_id 
    where
        r1_0.user_id=?
Hibernate: 
    select
        r1_0.user_id,
        r1_1.id,
        r1_1.code,
        r1_1.created_at,
        r1_1.label 
    from
        user_role r1_0 
    join
        role r1_1 
            on r1_1.id=r1_0.role_id 
    where
        r1_0.user_id=?
2026-08-29T08:00:58.910+03:00 DEBUG 17212 --- [karvya-store] [mcat-handler-69] org.hibernate.SQL                        : 
    select
        au1_0.id,
        au1_0.created_at,
        au1_0.email,
        au1_0.email_normalized,
        au1_0.email_verified_at,
        au1_0.enabled,
        au1_0.failed_attempts,
        au1_0.full_name,
        au1_0.last_login_at,
        au1_0.locked_until,
        au1_0.must_change_password,
        au1_0.password_hash,
        au1_0.phone,
        au1_0.updated_at,
        au1_0.updated_by,
        au1_0.version 
    from
        app_user au1_0 
    where
        au1_0.email_normalized=?
Hibernate: 
    select
        au1_0.id,
        au1_0.created_at,
        au1_0.email,
        au1_0.email_normalized,
        au1_0.email_verified_at,
        au1_0.enabled,
        au1_0.failed_attempts,
        au1_0.full_name,
        au1_0.last_login_at,
        au1_0.locked_until,
        au1_0.must_change_password,
        au1_0.password_hash,
        au1_0.phone,
        au1_0.updated_at,
        au1_0.updated_by,
        au1_0.version 
    from
        app_user au1_0 
    where
        au1_0.email_normalized=?
2026-08-29T08:00:58.914+03:00 DEBUG 17212 --- [karvya-store] [mcat-handler-69] org.hibernate.SQL                        : 
    select
        r1_0.user_id,
        r1_1.id,
        r1_1.code,
        r1_1.created_at,
        r1_1.label 
    from
        user_role r1_0 
    join
        role r1_1 
            on r1_1.id=r1_0.role_id 
    where
        r1_0.user_id=?
Hibernate: 
    select
        r1_0.user_id,
        r1_1.id,
        r1_1.code,
        r1_1.created_at,
        r1_1.label 
    from
        user_role r1_0 
    join
        role r1_1 
            on r1_1.id=r1_0.role_id 
    where
        r1_0.user_id=?
2026-08-29T08:00:58.918+03:00 DEBUG 17212 --- [karvya-store] [mcat-handler-69] org.hibernate.SQL                        : 
    update
        app_user 
    set
        email=?,
        email_normalized=?,
        email_verified_at=?,
        enabled=?,
        failed_attempts=?,
        full_name=?,
        last_login_at=?,
        locked_until=?,
        must_change_password=?,
        password_hash=?,
        phone=?,
        updated_at=?,
        updated_by=?,
        version=? 
    where
        id=? 
        and version=?
Hibernate: 
    update
        app_user 
    set
        email=?,
        email_normalized=?,
        email_verified_at=?,
        enabled=?,
        failed_attempts=?,
        full_name=?,
        last_login_at=?,
        locked_until=?,
        must_change_password=?,
        password_hash=?,
        phone=?,
        updated_at=?,
        updated_by=?,
        version=? 
    where
        id=? 
        and version=?
2026-08-29T08:00:58.925+03:00 DEBUG 17212 --- [karvya-store] [mcat-handler-69] org.hibernate.SQL                        : 
    select
        au1_0.id,
        au1_0.created_at,
        au1_0.email,
        au1_0.email_normalized,
        au1_0.email_verified_at,
        au1_0.enabled,
        au1_0.failed_attempts,
        au1_0.full_name,
        au1_0.last_login_at,
        au1_0.locked_until,
        au1_0.must_change_password,
        au1_0.password_hash,
        au1_0.phone,
        r1_0.user_id,
        r1_1.id,
        r1_1.code,
        r1_1.created_at,
        r1_1.label,
        au1_0.updated_at,
        au1_0.updated_by,
        au1_0.version 
    from
        app_user au1_0 
    left join
        user_role r1_0 
            on au1_0.id=r1_0.user_id 
    left join
        role r1_1 
            on r1_1.id=r1_0.role_id 
    where
        au1_0.id=?
Hibernate: 
    select
        au1_0.id,
        au1_0.created_at,
        au1_0.email,
        au1_0.email_normalized,
        au1_0.email_verified_at,
        au1_0.enabled,
        au1_0.failed_attempts,
        au1_0.full_name,
        au1_0.last_login_at,
        au1_0.locked_until,
        au1_0.must_change_password,
        au1_0.password_hash,
        au1_0.phone,
        r1_0.user_id,
        r1_1.id,
        r1_1.code,
        r1_1.created_at,
        r1_1.label,
        au1_0.updated_at,
        au1_0.updated_by,
        au1_0.version 
    from
        app_user au1_0 
    left join
        user_role r1_0 
            on au1_0.id=r1_0.user_id 
    left join
        role r1_1 
            on r1_1.id=r1_0.role_id 
    where
        au1_0.id=?
2026-08-29T08:00:59.006+03:00 DEBUG 17212 --- [karvya-store] [mcat-handler-70] org.hibernate.SQL                        : 
    select
        c1_0.id,
        c1_0.created_at,
        i1_0.cart_id,
        i1_0.id,
        i1_0.added_at,
        i1_0.product_id,
        p1_0.id,
        p1_0.care_instructions,
        p1_0.category_id,
        c3_0.id,
        c3_0.active,
        c3_0.created_at,
        c3_0.description,
        c3_0.display_order,
        c3_0.image_key,
        c3_0.name,
        c3_0.slug,
        c3_0.updated_at,
        c3_0.updated_by,
        p1_0.colour,
        p1_0.created_at,
        p1_0.description,
        p1_0.dimensions,
        p1_0.featured,
        p1_0.low_stock_threshold,
        p1_0.material,
        p1_0.name,
        p1_0.placeholder_content,
        p1_0.price,
        p1_0.short_description,
        p1_0.sku,
        p1_0.slug,
        p1_0.status,
        p1_0.stock_quantity,
        p1_0.updated_at,
        p1_0.updated_by,
        p1_0.version,
        i1_0.quantity,
        c1_0.updated_at,
        c1_0.user_id 
    from
        cart c1_0 
    join
        app_user u1_0 
            on u1_0.id=c1_0.user_id 
    left join
        cart_item i1_0 
            on c1_0.id=i1_0.cart_id 
    left join
        product p1_0 
            on p1_0.id=i1_0.product_id 
    left join
        category c3_0 
            on c3_0.id=p1_0.category_id 
    where
        u1_0.id=? 
    order by
        i1_0.added_at,
        i1_0.id
Hibernate: 
    select
        c1_0.id,
        c1_0.created_at,
        i1_0.cart_id,
        i1_0.id,
        i1_0.added_at,
        i1_0.product_id,
        p1_0.id,
        p1_0.care_instructions,
        p1_0.category_id,
        c3_0.id,
        c3_0.active,
        c3_0.created_at,
        c3_0.description,
        c3_0.display_order,
        c3_0.image_key,
        c3_0.name,
        c3_0.slug,
        c3_0.updated_at,
        c3_0.updated_by,
        p1_0.colour,
        p1_0.created_at,
        p1_0.description,
        p1_0.dimensions,
        p1_0.featured,
        p1_0.low_stock_threshold,
        p1_0.material,
        p1_0.name,
        p1_0.placeholder_content,
        p1_0.price,
        p1_0.short_description,
        p1_0.sku,
        p1_0.slug,
        p1_0.status,
        p1_0.stock_quantity,
        p1_0.updated_at,
        p1_0.updated_by,
        p1_0.version,
        i1_0.quantity,
        c1_0.updated_at,
        c1_0.user_id 
    from
        cart c1_0 
    join
        app_user u1_0 
            on u1_0.id=c1_0.user_id 
    left join
        cart_item i1_0 
            on c1_0.id=i1_0.cart_id 
    left join
        product p1_0 
            on p1_0.id=i1_0.product_id 
    left join
        category c3_0 
            on c3_0.id=p1_0.category_id 
    where
        u1_0.id=? 
    order by
        i1_0.added_at,
        i1_0.id
2026-08-29T08:00:59.129+03:00 DEBUG 17212 --- [karvya-store] [mcat-handler-71] org.hibernate.SQL                        : 
    select
        count(co1_0.id) 
    from
        customer_order co1_0 
    where
        co1_0.status=?
Hibernate: 
    select
        count(co1_0.id) 
    from
        customer_order co1_0 
    where
        co1_0.status=?
2026-08-29T08:00:59.134+03:00 DEBUG 17212 --- [karvya-store] [mcat-handler-71] org.hibernate.SQL                        : 
    select
        count(co1_0.id) 
    from
        customer_order co1_0 
    where
        co1_0.status=?
Hibernate: 
    select
        count(co1_0.id) 
    from
        customer_order co1_0 
    where
        co1_0.status=?
2026-08-29T08:00:59.138+03:00 DEBUG 17212 --- [karvya-store] [mcat-handler-71] org.hibernate.SQL                        : 
    select
        count(co1_0.id) 
    from
        customer_order co1_0 
    where
        co1_0.status=?
Hibernate: 
    select
        count(co1_0.id) 
    from
        customer_order co1_0 
    where
        co1_0.status=?
2026-08-29T08:00:59.141+03:00 DEBUG 17212 --- [karvya-store] [mcat-handler-71] org.hibernate.SQL                        : 
    select
        count(co1_0.id) 
    from
        customer_order co1_0 
    where
        co1_0.status=?
Hibernate: 
    select
        count(co1_0.id) 
    from
        customer_order co1_0 
    where
        co1_0.status=?
2026-08-29T08:00:59.144+03:00 DEBUG 17212 --- [karvya-store] [mcat-handler-71] org.hibernate.SQL                        : 
    select
        count(co1_0.id) 
    from
        customer_order co1_0 
    where
        co1_0.status=?
Hibernate: 
    select
        count(co1_0.id) 
    from
        customer_order co1_0 
    where
        co1_0.status=?
2026-08-29T08:00:59.148+03:00 DEBUG 17212 --- [karvya-store] [mcat-handler-71] org.hibernate.SQL                        : 
    select
        count(co1_0.id) 
    from
        customer_order co1_0 
    where
        co1_0.status=?
Hibernate: 
    select
        count(co1_0.id) 
    from
        customer_order co1_0 
    where
        co1_0.status=?
2026-08-29T08:00:59.153+03:00 DEBUG 17212 --- [karvya-store] [mcat-handler-71] org.hibernate.SQL                        : 
    select
        count(co1_0.id) 
    from
        customer_order co1_0 
    where
        co1_0.payment_status=?
Hibernate: 
    select
        count(co1_0.id) 
    from
        customer_order co1_0 
    where
        co1_0.payment_status=?
2026-08-29T08:00:59.156+03:00 DEBUG 17212 --- [karvya-store] [mcat-handler-71] org.hibernate.SQL                        : 
    select
        count(co1_0.id) 
    from
        customer_order co1_0 
    where
        co1_0.payment_status=?
Hibernate: 
    select
        count(co1_0.id) 
    from
        customer_order co1_0 
    where
        co1_0.payment_status=?
2026-08-29T08:00:59.160+03:00 DEBUG 17212 --- [karvya-store] [mcat-handler-71] org.hibernate.SQL                        : 
    select
        count(co1_0.id) 
    from
        customer_order co1_0 
    where
        co1_0.payment_status=?
Hibernate: 
    select
        count(co1_0.id) 
    from
        customer_order co1_0 
    where
        co1_0.payment_status=?
2026-08-29T08:00:59.164+03:00 DEBUG 17212 --- [karvya-store] [mcat-handler-71] org.hibernate.SQL                        : 
    select
        count(co1_0.id) 
    from
        customer_order co1_0 
    where
        co1_0.payment_status=?
Hibernate: 
    select
        count(co1_0.id) 
    from
        customer_order co1_0 
    where
        co1_0.payment_status=?
2026-08-29T08:00:59.172+03:00 DEBUG 17212 --- [karvya-store] [mcat-handler-71] org.hibernate.SQL                        : 
    select
        co1_0.id,
        co1_0.access_token_hash,
        co1_0.address_line1,
        co1_0.address_line2,
        co1_0.city,
        co1_0.created_at,
        co1_0.currency,
        co1_0.customer_comments,
        co1_0.delivery_charge,
        co1_0.delivery_email,
        co1_0.delivery_name,
        co1_0.delivery_notes,
        co1_0.delivery_phone,
        co1_0.internal_notes,
        co1_0.order_number,
        co1_0.payment_method_code,
        co1_0.payment_status,
        co1_0.placed_at,
        co1_0.postal_code,
        co1_0.state,
        co1_0.status,
        co1_0.stock_restored_at,
        co1_0.subtotal,
        co1_0.total,
        co1_0.updated_at,
        co1_0.updated_by,
        co1_0.user_id,
        co1_0.version 
    from
        customer_order co1_0 
    order by
        co1_0.placed_at desc,
        co1_0.id desc 
    offset
        ? rows 
    fetch
        first ? rows only
Hibernate: 
    select
        co1_0.id,
        co1_0.access_token_hash,
        co1_0.address_line1,
        co1_0.address_line2,
        co1_0.city,
        co1_0.created_at,
        co1_0.currency,
        co1_0.customer_comments,
        co1_0.delivery_charge,
        co1_0.delivery_email,
        co1_0.delivery_name,
        co1_0.delivery_notes,
        co1_0.delivery_phone,
        co1_0.internal_notes,
        co1_0.order_number,
        co1_0.payment_method_code,
        co1_0.payment_status,
        co1_0.placed_at,
        co1_0.postal_code,
        co1_0.state,
        co1_0.status,
        co1_0.stock_restored_at,
        co1_0.subtotal,
        co1_0.total,
        co1_0.updated_at,
        co1_0.updated_by,
        co1_0.user_id,
        co1_0.version 
    from
        customer_order co1_0 
    order by
        co1_0.placed_at desc,
        co1_0.id desc 
    offset
        ? rows 
    fetch
        first ? rows only
2026-08-29T08:00:59.187+03:00 DEBUG 17212 --- [karvya-store] [mcat-handler-71] org.hibernate.SQL                        : 
    select
        i1_0.order_id,
        i1_0.id,
        i1_0.image_key,
        i1_0.line_total,
        i1_0.product_id,
        i1_0.product_name,
        i1_0.product_sku,
        i1_0.quantity,
        i1_0.unit_price 
    from
        order_item i1_0 
    where
        i1_0.order_id=? 
    order by
        i1_0.id
Hibernate: 
    select
        i1_0.order_id,
        i1_0.id,
        i1_0.image_key,
        i1_0.line_total,
        i1_0.product_id,
        i1_0.product_name,
        i1_0.product_sku,
        i1_0.quantity,
        i1_0.unit_price 
    from
        order_item i1_0 
    where
        i1_0.order_id=? 
    order by
        i1_0.id
2026-08-29T08:00:59.191+03:00 DEBUG 17212 --- [karvya-store] [mcat-handler-71] org.hibernate.SQL                        : 
    select
        i1_0.order_id,
        i1_0.id,
        i1_0.image_key,
        i1_0.line_total,
        i1_0.product_id,
        i1_0.product_name,
        i1_0.product_sku,
        i1_0.quantity,
        i1_0.unit_price 
    from
        order_item i1_0 
    where
        i1_0.order_id=? 
    order by
        i1_0.id
Hibernate: 
    select
        i1_0.order_id,
        i1_0.id,
        i1_0.image_key,
        i1_0.line_total,
        i1_0.product_id,
        i1_0.product_name,
        i1_0.product_sku,
        i1_0.quantity,
        i1_0.unit_price 
    from
        order_item i1_0 
    where
        i1_0.order_id=? 
    order by
        i1_0.id
2026-08-29T08:00:59.195+03:00 DEBUG 17212 --- [karvya-store] [mcat-handler-71] org.hibernate.SQL                        : 
    select
        i1_0.order_id,
        i1_0.id,
        i1_0.image_key,
        i1_0.line_total,
        i1_0.product_id,
        i1_0.product_name,
        i1_0.product_sku,
        i1_0.quantity,
        i1_0.unit_price 
    from
        order_item i1_0 
    where
        i1_0.order_id=? 
    order by
        i1_0.id
Hibernate: 
    select
        i1_0.order_id,
        i1_0.id,
        i1_0.image_key,
        i1_0.line_total,
        i1_0.product_id,
        i1_0.product_name,
        i1_0.product_sku,
        i1_0.quantity,
        i1_0.unit_price 
    from
        order_item i1_0 
    where
        i1_0.order_id=? 
    order by
        i1_0.id
2026-08-29T08:00:59.197+03:00 DEBUG 17212 --- [karvya-store] [mcat-handler-71] org.hibernate.SQL                        : 
    select
        i1_0.order_id,
        i1_0.id,
        i1_0.image_key,
        i1_0.line_total,
        i1_0.product_id,
        i1_0.product_name,
        i1_0.product_sku,
        i1_0.quantity,
        i1_0.unit_price 
    from
        order_item i1_0 
    where
        i1_0.order_id=? 
    order by
        i1_0.id
Hibernate: 
    select
        i1_0.order_id,
        i1_0.id,
        i1_0.image_key,
        i1_0.line_total,
        i1_0.product_id,
        i1_0.product_name,
        i1_0.product_sku,
        i1_0.quantity,
        i1_0.unit_price 
    from
        order_item i1_0 
    where
        i1_0.order_id=? 
    order by
        i1_0.id
2026-08-29T08:00:59.207+03:00 DEBUG 17212 --- [karvya-store] [mcat-handler-71] org.hibernate.SQL                        : 
    select
        p1_0.id,
        p1_0.care_instructions,
        p1_0.category_id,
        p1_0.colour,
        p1_0.created_at,
        p1_0.description,
        p1_0.dimensions,
        p1_0.featured,
        p1_0.low_stock_threshold,
        p1_0.material,
        p1_0.name,
        p1_0.placeholder_content,
        p1_0.price,
        p1_0.short_description,
        p1_0.sku,
        p1_0.slug,
        p1_0.status,
        p1_0.stock_quantity,
        p1_0.updated_at,
        p1_0.updated_by,
        p1_0.version 
    from
        product p1_0 
    where
        p1_0.status=? 
        and p1_0.stock_quantity<=p1_0.low_stock_threshold 
    order by
        p1_0.stock_quantity,
        p1_0.name
Hibernate: 
    select
        p1_0.id,
        p1_0.care_instructions,
        p1_0.category_id,
        p1_0.colour,
        p1_0.created_at,
        p1_0.description,
        p1_0.dimensions,
        p1_0.featured,
        p1_0.low_stock_threshold,
        p1_0.material,
        p1_0.name,
        p1_0.placeholder_content,
        p1_0.price,
        p1_0.short_description,
        p1_0.sku,
        p1_0.slug,
        p1_0.status,
        p1_0.stock_quantity,
        p1_0.updated_at,
        p1_0.updated_by,
        p1_0.version 
    from
        product p1_0 
    where
        p1_0.status=? 
        and p1_0.stock_quantity<=p1_0.low_stock_threshold 
    order by
        p1_0.stock_quantity,
        p1_0.name
2026-08-29T08:00:59.223+03:00 DEBUG 17212 --- [karvya-store] [mcat-handler-71] org.hibernate.SQL                        : 
    select
        coalesce(sum(co1_0.total), 0) 
    from
        customer_order co1_0 
    where
        co1_0.placed_at>=? 
        and co1_0.status<>?
Hibernate: 
    select
        coalesce(sum(co1_0.total), 0) 
    from
        customer_order co1_0 
    where
        co1_0.placed_at>=? 
        and co1_0.status<>?
2026-08-29T08:00:59.228+03:00 DEBUG 17212 --- [karvya-store] [mcat-handler-71] org.hibernate.SQL                        : 
    select
        count(co1_0.id) 
    from
        customer_order co1_0 
    where
        co1_0.placed_at>=? 
        and co1_0.status<>?
Hibernate: 
    select
        count(co1_0.id) 
    from
        customer_order co1_0 
    where
        co1_0.placed_at>=? 
        and co1_0.status<>?
2026-08-29T08:00:59.232+03:00 DEBUG 17212 --- [karvya-store] [mcat-handler-71] org.hibernate.SQL                        : 
    select
        count(en1_0.id) 
    from
        email_notification en1_0 
    where
        en1_0.status=?
Hibernate: 
    select
        count(en1_0.id) 
    from
        email_notification en1_0 
    where
        en1_0.status=?
2026-08-29T08:00:59.236+03:00 DEBUG 17212 --- [karvya-store] [mcat-handler-71] org.hibernate.SQL                        : 
    select
        count(en1_0.id) 
    from
        email_notification en1_0 
    where
        en1_0.status=?
Hibernate: 
    select
        count(en1_0.id) 
    from
        email_notification en1_0 
    where
        en1_0.status=?
2026-08-29T08:00:59.238+03:00 DEBUG 17212 --- [karvya-store] [mcat-handler-71] org.hibernate.SQL                        : 
    select
        count(ce1_0.id) 
    from
        contact_enquiry ce1_0 
    where
        ce1_0.status=?
Hibernate: 
    select
        count(ce1_0.id) 
    from
        contact_enquiry ce1_0 
    where
        ce1_0.status=?
2026-08-29T08:00:59.242+03:00 DEBUG 17212 --- [karvya-store] [mcat-handler-71] org.hibernate.SQL                        : 
    select
        ce1_0.id,
        ce1_0.created_at,
        ce1_0.email,
        ce1_0.handled_by,
        ce1_0.internal_note,
        ce1_0.message,
        ce1_0.name,
        ce1_0.phone,
        ce1_0.source_ip,
        ce1_0.status,
        ce1_0.subject,
        ce1_0.updated_at 
    from
        contact_enquiry ce1_0 
    order by
        ce1_0.created_at desc 
    fetch
        first ? rows only
Hibernate: 
    select
        ce1_0.id,
        ce1_0.created_at,
        ce1_0.email,
        ce1_0.handled_by,
        ce1_0.internal_note,
        ce1_0.message,
        ce1_0.name,
        ce1_0.phone,
        ce1_0.source_ip,
        ce1_0.status,
        ce1_0.subject,
        ce1_0.updated_at 
    from
        contact_enquiry ce1_0 
    order by
        ce1_0.created_at desc 
    fetch
        first ? rows only
2026-08-29T08:00:59.741+03:00 DEBUG 17212 --- [karvya-store] [mcat-handler-72] org.hibernate.SQL                        : 
    select
        au1_0.id,
        au1_0.created_at,
        au1_0.email,
        au1_0.email_normalized,
        au1_0.email_verified_at,
        au1_0.enabled,
        au1_0.failed_attempts,
        au1_0.full_name,
        au1_0.last_login_at,
        au1_0.locked_until,
        au1_0.must_change_password,
        au1_0.password_hash,
        au1_0.phone,
        r1_0.user_id,
        r1_1.id,
        r1_1.code,
        r1_1.created_at,
        r1_1.label,
        au1_0.updated_at,
        au1_0.updated_by,
        au1_0.version 
    from
        app_user au1_0 
    left join
        user_role r1_0 
            on au1_0.id=r1_0.user_id 
    left join
        role r1_1 
            on r1_1.id=r1_0.role_id 
    where
        au1_0.id=?
Hibernate: 
    select
        au1_0.id,
        au1_0.created_at,
        au1_0.email,
        au1_0.email_normalized,
        au1_0.email_verified_at,
        au1_0.enabled,
        au1_0.failed_attempts,
        au1_0.full_name,
        au1_0.last_login_at,
        au1_0.locked_until,
        au1_0.must_change_password,
        au1_0.password_hash,
        au1_0.phone,
        r1_0.user_id,
        r1_1.id,
        r1_1.code,
        r1_1.created_at,
        r1_1.label,
        au1_0.updated_at,
        au1_0.updated_by,
        au1_0.version 
    from
        app_user au1_0 
    left join
        user_role r1_0 
            on au1_0.id=r1_0.user_id 
    left join
        role r1_1 
            on r1_1.id=r1_0.role_id 
    where
        au1_0.id=?
2026-08-29T08:00:59.908+03:00 DEBUG 17212 --- [karvya-store] [mcat-handler-73] org.hibernate.SQL                        : 
    select
        c1_0.id,
        c1_0.created_at,
        i1_0.cart_id,
        i1_0.id,
        i1_0.added_at,
        i1_0.product_id,
        p1_0.id,
        p1_0.care_instructions,
        p1_0.category_id,
        c3_0.id,
        c3_0.active,
        c3_0.created_at,
        c3_0.description,
        c3_0.display_order,
        c3_0.image_key,
        c3_0.name,
        c3_0.slug,
        c3_0.updated_at,
        c3_0.updated_by,
        p1_0.colour,
        p1_0.created_at,
        p1_0.description,
        p1_0.dimensions,
        p1_0.featured,
        p1_0.low_stock_threshold,
        p1_0.material,
        p1_0.name,
        p1_0.placeholder_content,
        p1_0.price,
        p1_0.short_description,
        p1_0.sku,
        p1_0.slug,
        p1_0.status,
        p1_0.stock_quantity,
        p1_0.updated_at,
        p1_0.updated_by,
        p1_0.version,
        i1_0.quantity,
        c1_0.updated_at,
        c1_0.user_id 
    from
        cart c1_0 
    join
        app_user u1_0 
            on u1_0.id=c1_0.user_id 
    left join
        cart_item i1_0 
            on c1_0.id=i1_0.cart_id 
    left join
        product p1_0 
            on p1_0.id=i1_0.product_id 
    left join
        category c3_0 
            on c3_0.id=p1_0.category_id 
    where
        u1_0.id=? 
    order by
        i1_0.added_at,
        i1_0.id
Hibernate: 
    select
        c1_0.id,
        c1_0.created_at,
        i1_0.cart_id,
        i1_0.id,
        i1_0.added_at,
        i1_0.product_id,
        p1_0.id,
        p1_0.care_instructions,
        p1_0.category_id,
        c3_0.id,
        c3_0.active,
        c3_0.created_at,
        c3_0.description,
        c3_0.display_order,
        c3_0.image_key,
        c3_0.name,
        c3_0.slug,
        c3_0.updated_at,
        c3_0.updated_by,
        p1_0.colour,
        p1_0.created_at,
        p1_0.description,
        p1_0.dimensions,
        p1_0.featured,
        p1_0.low_stock_threshold,
        p1_0.material,
        p1_0.name,
        p1_0.placeholder_content,
        p1_0.price,
        p1_0.short_description,
        p1_0.sku,
        p1_0.slug,
        p1_0.status,
        p1_0.stock_quantity,
        p1_0.updated_at,
        p1_0.updated_by,
        p1_0.version,
        i1_0.quantity,
        c1_0.updated_at,
        c1_0.user_id 
    from
        cart c1_0 
    join
        app_user u1_0 
            on u1_0.id=c1_0.user_id 
    left join
        cart_item i1_0 
            on c1_0.id=i1_0.cart_id 
    left join
        product p1_0 
            on p1_0.id=i1_0.product_id 
    left join
        category c3_0 
            on c3_0.id=p1_0.category_id 
    where
        u1_0.id=? 
    order by
        i1_0.added_at,
        i1_0.id
2026-08-29T08:01:05.207+03:00 DEBUG 17212 --- [karvya-store] [mcat-handler-76] org.hibernate.SQL                        : 
    select
        au1_0.id,
        au1_0.created_at,
        au1_0.email,
        au1_0.email_normalized,
        au1_0.email_verified_at,
        au1_0.enabled,
        au1_0.failed_attempts,
        au1_0.full_name,
        au1_0.last_login_at,
        au1_0.locked_until,
        au1_0.must_change_password,
        au1_0.password_hash,
        au1_0.phone,
        r1_0.user_id,
        r1_1.id,
        r1_1.code,
        r1_1.created_at,
        r1_1.label,
        au1_0.updated_at,
        au1_0.updated_by,
        au1_0.version 
    from
        app_user au1_0 
    left join
        user_role r1_0 
            on au1_0.id=r1_0.user_id 
    left join
        role r1_1 
            on r1_1.id=r1_0.role_id 
    where
        au1_0.id=?
Hibernate: 
    select
        au1_0.id,
        au1_0.created_at,
        au1_0.email,
        au1_0.email_normalized,
        au1_0.email_verified_at,
        au1_0.enabled,
        au1_0.failed_attempts,
        au1_0.full_name,
        au1_0.last_login_at,
        au1_0.locked_until,
        au1_0.must_change_password,
        au1_0.password_hash,
        au1_0.phone,
        r1_0.user_id,
        r1_1.id,
        r1_1.code,
        r1_1.created_at,
        r1_1.label,
        au1_0.updated_at,
        au1_0.updated_by,
        au1_0.version 
    from
        app_user au1_0 
    left join
        user_role r1_0 
            on au1_0.id=r1_0.user_id 
    left join
        role r1_1 
            on r1_1.id=r1_0.role_id 
    where
        au1_0.id=?
2026-08-29T08:01:05.780+03:00 DEBUG 17212 --- [karvya-store] [mcat-handler-77] org.hibernate.SQL                        : 
    select
        c1_0.id,
        c1_0.created_at,
        i1_0.cart_id,
        i1_0.id,
        i1_0.added_at,
        i1_0.product_id,
        p1_0.id,
        p1_0.care_instructions,
        p1_0.category_id,
        c3_0.id,
        c3_0.active,
        c3_0.created_at,
        c3_0.description,
        c3_0.display_order,
        c3_0.image_key,
        c3_0.name,
        c3_0.slug,
        c3_0.updated_at,
        c3_0.updated_by,
        p1_0.colour,
        p1_0.created_at,
        p1_0.description,
        p1_0.dimensions,
        p1_0.featured,
        p1_0.low_stock_threshold,
        p1_0.material,
        p1_0.name,
        p1_0.placeholder_content,
        p1_0.price,
        p1_0.short_description,
        p1_0.sku,
        p1_0.slug,
        p1_0.status,
        p1_0.stock_quantity,
        p1_0.updated_at,
        p1_0.updated_by,
        p1_0.version,
        i1_0.quantity,
        c1_0.updated_at,
        c1_0.user_id 
    from
        cart c1_0 
    join
        app_user u1_0 
            on u1_0.id=c1_0.user_id 
    left join
        cart_item i1_0 
            on c1_0.id=i1_0.cart_id 
    left join
        product p1_0 
            on p1_0.id=i1_0.product_id 
    left join
        category c3_0 
            on c3_0.id=p1_0.category_id 
    where
        u1_0.id=? 
    order by
        i1_0.added_at,
        i1_0.id
Hibernate: 
    select
        c1_0.id,
        c1_0.created_at,
        i1_0.cart_id,
        i1_0.id,
        i1_0.added_at,
        i1_0.product_id,
        p1_0.id,
        p1_0.care_instructions,
        p1_0.category_id,
        c3_0.id,
        c3_0.active,
        c3_0.created_at,
        c3_0.description,
        c3_0.display_order,
        c3_0.image_key,
        c3_0.name,
        c3_0.slug,
        c3_0.updated_at,
        c3_0.updated_by,
        p1_0.colour,
        p1_0.created_at,
        p1_0.description,
        p1_0.dimensions,
        p1_0.featured,
        p1_0.low_stock_threshold,
        p1_0.material,
        p1_0.name,
        p1_0.placeholder_content,
        p1_0.price,
        p1_0.short_description,
        p1_0.sku,
        p1_0.slug,
        p1_0.status,
        p1_0.stock_quantity,
        p1_0.updated_at,
        p1_0.updated_by,
        p1_0.version,
        i1_0.quantity,
        c1_0.updated_at,
        c1_0.user_id 
    from
        cart c1_0 
    join
        app_user u1_0 
            on u1_0.id=c1_0.user_id 
    left join
        cart_item i1_0 
            on c1_0.id=i1_0.cart_id 
    left join
        product p1_0 
            on p1_0.id=i1_0.product_id 
    left join
        category c3_0 
            on c3_0.id=p1_0.category_id 
    where
        u1_0.id=? 
    order by
        i1_0.added_at,
        i1_0.id
2026-08-29T08:01:05.854+03:00 DEBUG 17212 --- [karvya-store] [   scheduling-1] org.hibernate.SQL                        : 
    select
        en1_0.id,
        en1_0.attempts,
        en1_0.created_at,
        en1_0.last_attempt_at,
        en1_0.last_error,
        en1_0.next_attempt_at,
        en1_0.payload,
        en1_0.recipient,
        en1_0.related_order_id,
        en1_0.sent_at,
        en1_0.status,
        en1_0.subject,
        en1_0.type 
    from
        email_notification en1_0 
    where
        en1_0.status='PENDING' 
        and en1_0.next_attempt_at<=? 
    order by
        en1_0.next_attempt_at 
    fetch
        first ? rows only for no key update skip locked
Hibernate: 
    select
        en1_0.id,
        en1_0.attempts,
        en1_0.created_at,
        en1_0.last_attempt_at,
        en1_0.last_error,
        en1_0.next_attempt_at,
        en1_0.payload,
        en1_0.recipient,
        en1_0.related_order_id,
        en1_0.sent_at,
        en1_0.status,
        en1_0.subject,
        en1_0.type 
    from
        email_notification en1_0 
    where
        en1_0.status='PENDING' 
        and en1_0.next_attempt_at<=? 
    order by
        en1_0.next_attempt_at 
    fetch
        first ? rows only for no key update skip locked
2026-08-29T08:01:05.866+03:00 DEBUG 17212 --- [karvya-store] [   scheduling-1] org.hibernate.SQL                        : 
    update
        email_notification 
    set
        attempts=?,
        last_attempt_at=?,
        last_error=?,
        next_attempt_at=?,
        payload=?,
        recipient=?,
        related_order_id=?,
        sent_at=?,
        status=?,
        subject=?,
        type=? 
    where
        id=?
Hibernate: 
    update
        email_notification 
    set
        attempts=?,
        last_attempt_at=?,
        last_error=?,
        next_attempt_at=?,
        payload=?,
        recipient=?,
        related_order_id=?,
        sent_at=?,
        status=?,
        subject=?,
        type=? 
    where
        id=?
2026-08-29T08:01:05.876+03:00 DEBUG 17212 --- [karvya-store] [   scheduling-1] org.hibernate.SQL                        : 
    update
        email_notification 
    set
        attempts=?,
        last_attempt_at=?,
        last_error=?,
        next_attempt_at=?,
        payload=?,
        recipient=?,
        related_order_id=?,
        sent_at=?,
        status=?,
        subject=?,
        type=? 
    where
        id=?
Hibernate: 
    update
        email_notification 
    set
        attempts=?,
        last_attempt_at=?,
        last_error=?,
        next_attempt_at=?,
        payload=?,
        recipient=?,
        related_order_id=?,
        sent_at=?,
        status=?,
        subject=?,
        type=? 
    where
        id=?
2026-08-29T08:01:05.910+03:00 DEBUG 17212 --- [karvya-store] [   scheduling-1] org.hibernate.SQL                        : 
    select
        en1_0.id,
        en1_0.attempts,
        en1_0.created_at,
        en1_0.last_attempt_at,
        en1_0.last_error,
        en1_0.next_attempt_at,
        en1_0.payload,
        en1_0.recipient,
        en1_0.related_order_id,
        en1_0.sent_at,
        en1_0.status,
        en1_0.subject,
        en1_0.type 
    from
        email_notification en1_0 
    where
        en1_0.id=?
Hibernate: 
    select
        en1_0.id,
        en1_0.attempts,
        en1_0.created_at,
        en1_0.last_attempt_at,
        en1_0.last_error,
        en1_0.next_attempt_at,
        en1_0.payload,
        en1_0.recipient,
        en1_0.related_order_id,
        en1_0.sent_at,
        en1_0.status,
        en1_0.subject,
        en1_0.type 
    from
        email_notification en1_0 
    where
        en1_0.id=?
2026-08-29T08:01:06.305+03:00 DEBUG 17212 --- [karvya-store] [mcat-handler-78] org.hibernate.SQL                        : 
    select
        co1_0.id,
        co1_0.access_token_hash,
        co1_0.address_line1,
        co1_0.address_line2,
        co1_0.city,
        co1_0.created_at,
        co1_0.currency,
        co1_0.customer_comments,
        co1_0.delivery_charge,
        co1_0.delivery_email,
        co1_0.delivery_name,
        co1_0.delivery_notes,
        co1_0.delivery_phone,
        co1_0.internal_notes,
        i1_0.order_id,
        i1_0.id,
        i1_0.image_key,
        i1_0.line_total,
        i1_0.product_id,
        i1_0.product_name,
        i1_0.product_sku,
        i1_0.quantity,
        i1_0.unit_price,
        co1_0.order_number,
        co1_0.payment_method_code,
        co1_0.payment_status,
        co1_0.placed_at,
        co1_0.postal_code,
        co1_0.state,
        co1_0.status,
        co1_0.stock_restored_at,
        co1_0.subtotal,
        co1_0.total,
        co1_0.updated_at,
        co1_0.updated_by,
        co1_0.user_id,
        co1_0.version 
    from
        customer_order co1_0 
    left join
        order_item i1_0 
            on co1_0.id=i1_0.order_id 
    where
        co1_0.order_number=? 
    order by
        i1_0.id
Hibernate: 
    select
        co1_0.id,
        co1_0.access_token_hash,
        co1_0.address_line1,
        co1_0.address_line2,
        co1_0.city,
        co1_0.created_at,
        co1_0.currency,
        co1_0.customer_comments,
        co1_0.delivery_charge,
        co1_0.delivery_email,
        co1_0.delivery_name,
        co1_0.delivery_notes,
        co1_0.delivery_phone,
        co1_0.internal_notes,
        i1_0.order_id,
        i1_0.id,
        i1_0.image_key,
        i1_0.line_total,
        i1_0.product_id,
        i1_0.product_name,
        i1_0.product_sku,
        i1_0.quantity,
        i1_0.unit_price,
        co1_0.order_number,
        co1_0.payment_method_code,
        co1_0.payment_status,
        co1_0.placed_at,
        co1_0.postal_code,
        co1_0.state,
        co1_0.status,
        co1_0.stock_restored_at,
        co1_0.subtotal,
        co1_0.total,
        co1_0.updated_at,
        co1_0.updated_by,
        co1_0.user_id,
        co1_0.version 
    from
        customer_order co1_0 
    left join
        order_item i1_0 
            on co1_0.id=i1_0.order_id 
    where
        co1_0.order_number=? 
    order by
        i1_0.id
2026-08-29T08:01:06.344+03:00 DEBUG 17212 --- [karvya-store] [mcat-handler-78] org.hibernate.SQL                        : 
    select
        pm1_0.id,
        pm1_0.active,
        pm1_0.code,
        pm1_0.created_at,
        pm1_0.display_order,
        pm1_0.instructions,
        pm1_0.label,
        pm1_0.updated_at,
        pm1_0.updated_by 
    from
        payment_method pm1_0 
    where
        pm1_0.code=?
Hibernate: 
    select
        pm1_0.id,
        pm1_0.active,
        pm1_0.code,
        pm1_0.created_at,
        pm1_0.display_order,
        pm1_0.instructions,
        pm1_0.label,
        pm1_0.updated_at,
        pm1_0.updated_by 
    from
        payment_method pm1_0 
    where
        pm1_0.code=?
2026-08-29T08:01:06.358+03:00 DEBUG 17212 --- [karvya-store] [mcat-handler-78] org.hibernate.SQL                        : 
    select
        p1_0.id,
        p1_0.care_instructions,
        p1_0.category_id,
        p1_0.colour,
        p1_0.created_at,
        p1_0.description,
        p1_0.dimensions,
        p1_0.featured,
        p1_0.low_stock_threshold,
        p1_0.material,
        p1_0.name,
        p1_0.placeholder_content,
        p1_0.price,
        p1_0.short_description,
        p1_0.sku,
        p1_0.slug,
        p1_0.status,
        p1_0.stock_quantity,
        p1_0.updated_at,
        p1_0.updated_by,
        p1_0.version 
    from
        product p1_0 
    where
        p1_0.id=?
Hibernate: 
    select
        p1_0.id,
        p1_0.care_instructions,
        p1_0.category_id,
        p1_0.colour,
        p1_0.created_at,
        p1_0.description,
        p1_0.dimensions,
        p1_0.featured,
        p1_0.low_stock_threshold,
        p1_0.material,
        p1_0.name,
        p1_0.placeholder_content,
        p1_0.price,
        p1_0.short_description,
        p1_0.sku,
        p1_0.slug,
        p1_0.status,
        p1_0.stock_quantity,
        p1_0.updated_at,
        p1_0.updated_by,
        p1_0.version 
    from
        product p1_0 
    where
        p1_0.id=?
2026-08-29T08:01:06.364+03:00 DEBUG 17212 --- [karvya-store] [mcat-handler-78] org.hibernate.SQL                        : 
    select
        h1_0.order_id,
        h1_0.id,
        h1_0.changed_at,
        h1_0.changed_by,
        h1_0.field,
        h1_0.from_value,
        h1_0.note,
        h1_0.to_value 
    from
        order_status_history h1_0 
    where
        h1_0.order_id=? 
    order by
        h1_0.changed_at,
        h1_0.id
Hibernate: 
    select
        h1_0.order_id,
        h1_0.id,
        h1_0.changed_at,
        h1_0.changed_by,
        h1_0.field,
        h1_0.from_value,
        h1_0.note,
        h1_0.to_value 
    from
        order_status_history h1_0 
    where
        h1_0.order_id=? 
    order by
        h1_0.changed_at,
        h1_0.id
2026-08-29T08:01:06.380+03:00 DEBUG 17212 --- [karvya-store] [mcat-handler-78] org.hibernate.SQL                        : 
    select
        op1_0.id,
        op1_0.amount,
        op1_0.created_at,
        op1_0.method_code,
        op1_0.note,
        op1_0.order_id,
        op1_0.received_on,
        op1_0.recorded_by,
        op1_0.reference 
    from
        offline_payment op1_0 
    join
        customer_order o1_0 
            on o1_0.id=op1_0.order_id 
    where
        o1_0.id=? 
    order by
        op1_0.received_on,
        op1_0.id
Hibernate: 
    select
        op1_0.id,
        op1_0.amount,
        op1_0.created_at,
        op1_0.method_code,
        op1_0.note,
        op1_0.order_id,
        op1_0.received_on,
        op1_0.recorded_by,
        op1_0.reference 
    from
        offline_payment op1_0 
    join
        customer_order o1_0 
            on o1_0.id=op1_0.order_id 
    where
        o1_0.id=? 
    order by
        op1_0.received_on,
        op1_0.id
2026-08-29T08:01:06.588+03:00 DEBUG 17212 --- [karvya-store] [mcat-handler-79] org.hibernate.SQL                        : 
    select
        au1_0.id,
        au1_0.created_at,
        au1_0.email,
        au1_0.email_normalized,
        au1_0.email_verified_at,
        au1_0.enabled,
        au1_0.failed_attempts,
        au1_0.full_name,
        au1_0.last_login_at,
        au1_0.locked_until,
        au1_0.must_change_password,
        au1_0.password_hash,
        au1_0.phone,
        r1_0.user_id,
        r1_1.id,
        r1_1.code,
        r1_1.created_at,
        r1_1.label,
        au1_0.updated_at,
        au1_0.updated_by,
        au1_0.version 
    from
        app_user au1_0 
    left join
        user_role r1_0 
            on au1_0.id=r1_0.user_id 
    left join
        role r1_1 
            on r1_1.id=r1_0.role_id 
    where
        au1_0.id=?
Hibernate: 
    select
        au1_0.id,
        au1_0.created_at,
        au1_0.email,
        au1_0.email_normalized,
        au1_0.email_verified_at,
        au1_0.enabled,
        au1_0.failed_attempts,
        au1_0.full_name,
        au1_0.last_login_at,
        au1_0.locked_until,
        au1_0.must_change_password,
        au1_0.password_hash,
        au1_0.phone,
        r1_0.user_id,
        r1_1.id,
        r1_1.code,
        r1_1.created_at,
        r1_1.label,
        au1_0.updated_at,
        au1_0.updated_by,
        au1_0.version 
    from
        app_user au1_0 
    left join
        user_role r1_0 
            on au1_0.id=r1_0.user_id 
    left join
        role r1_1 
            on r1_1.id=r1_0.role_id 
    where
        au1_0.id=?
2026-08-29T08:01:06.972+03:00 DEBUG 17212 --- [karvya-store] [mcat-handler-80] org.hibernate.SQL                        : 
    select
        c1_0.id,
        c1_0.created_at,
        i1_0.cart_id,
        i1_0.id,
        i1_0.added_at,
        i1_0.product_id,
        p1_0.id,
        p1_0.care_instructions,
        p1_0.category_id,
        c3_0.id,
        c3_0.active,
        c3_0.created_at,
        c3_0.description,
        c3_0.display_order,
        c3_0.image_key,
        c3_0.name,
        c3_0.slug,
        c3_0.updated_at,
        c3_0.updated_by,
        p1_0.colour,
        p1_0.created_at,
        p1_0.description,
        p1_0.dimensions,
        p1_0.featured,
        p1_0.low_stock_threshold,
        p1_0.material,
        p1_0.name,
        p1_0.placeholder_content,
        p1_0.price,
        p1_0.short_description,
        p1_0.sku,
        p1_0.slug,
        p1_0.status,
        p1_0.stock_quantity,
        p1_0.updated_at,
        p1_0.updated_by,
        p1_0.version,
        i1_0.quantity,
        c1_0.updated_at,
        c1_0.user_id 
    from
        cart c1_0 
    join
        app_user u1_0 
            on u1_0.id=c1_0.user_id 
    left join
        cart_item i1_0 
            on c1_0.id=i1_0.cart_id 
    left join
        product p1_0 
            on p1_0.id=i1_0.product_id 
    left join
        category c3_0 
            on c3_0.id=p1_0.category_id 
    where
        u1_0.id=? 
    order by
        i1_0.added_at,
        i1_0.id
Hibernate: 
    select
        c1_0.id,
        c1_0.created_at,
        i1_0.cart_id,
        i1_0.id,
        i1_0.added_at,
        i1_0.product_id,
        p1_0.id,
        p1_0.care_instructions,
        p1_0.category_id,
        c3_0.id,
        c3_0.active,
        c3_0.created_at,
        c3_0.description,
        c3_0.display_order,
        c3_0.image_key,
        c3_0.name,
        c3_0.slug,
        c3_0.updated_at,
        c3_0.updated_by,
        p1_0.colour,
        p1_0.created_at,
        p1_0.description,
        p1_0.dimensions,
        p1_0.featured,
        p1_0.low_stock_threshold,
        p1_0.material,
        p1_0.name,
        p1_0.placeholder_content,
        p1_0.price,
        p1_0.short_description,
        p1_0.sku,
        p1_0.slug,
        p1_0.status,
        p1_0.stock_quantity,
        p1_0.updated_at,
        p1_0.updated_by,
        p1_0.version,
        i1_0.quantity,
        c1_0.updated_at,
        c1_0.user_id 
    from
        cart c1_0 
    join
        app_user u1_0 
            on u1_0.id=c1_0.user_id 
    left join
        cart_item i1_0 
            on c1_0.id=i1_0.cart_id 
    left join
        product p1_0 
            on p1_0.id=i1_0.product_id 
    left join
        category c3_0 
            on c3_0.id=p1_0.category_id 
    where
        u1_0.id=? 
    order by
        i1_0.added_at,
        i1_0.id
2026-08-29T08:01:07.364+03:00 DEBUG 17212 --- [karvya-store] [mcat-handler-81] org.hibernate.SQL                        : 
    select
        p1_0.id,
        p1_0.care_instructions,
        p1_0.category_id,
        c1_0.id,
        c1_0.active,
        c1_0.created_at,
        c1_0.description,
        c1_0.display_order,
        c1_0.image_key,
        c1_0.name,
        c1_0.slug,
        c1_0.updated_at,
        c1_0.updated_by,
        p1_0.colour,
        p1_0.created_at,
        p1_0.description,
        p1_0.dimensions,
        p1_0.featured,
        p1_0.low_stock_threshold,
        p1_0.material,
        p1_0.name,
        p1_0.placeholder_content,
        p1_0.price,
        p1_0.short_description,
        p1_0.sku,
        p1_0.slug,
        p1_0.status,
        p1_0.stock_quantity,
        p1_0.updated_at,
        p1_0.updated_by,
        p1_0.version 
    from
        product p1_0 
    join
        category c1_0 
            on c1_0.id=p1_0.category_id 
    where
        1=1 
        and p1_0.status=? 
        and p1_0.featured=? 
    order by
        p1_0.featured desc,
        p1_0.name,
        p1_0.id 
    offset
        ? rows 
    fetch
        first ? rows only
Hibernate: 
    select
        p1_0.id,
        p1_0.care_instructions,
        p1_0.category_id,
        c1_0.id,
        c1_0.active,
        c1_0.created_at,
        c1_0.description,
        c1_0.display_order,
        c1_0.image_key,
        c1_0.name,
        c1_0.slug,
        c1_0.updated_at,
        c1_0.updated_by,
        p1_0.colour,
        p1_0.created_at,
        p1_0.description,
        p1_0.dimensions,
        p1_0.featured,
        p1_0.low_stock_threshold,
        p1_0.material,
        p1_0.name,
        p1_0.placeholder_content,
        p1_0.price,
        p1_0.short_description,
        p1_0.sku,
        p1_0.slug,
        p1_0.status,
        p1_0.stock_quantity,
        p1_0.updated_at,
        p1_0.updated_by,
        p1_0.version 
    from
        product p1_0 
    join
        category c1_0 
            on c1_0.id=p1_0.category_id 
    where
        1=1 
        and p1_0.status=? 
        and p1_0.featured=? 
    order by
        p1_0.featured desc,
        p1_0.name,
        p1_0.id 
    offset
        ? rows 
    fetch
        first ? rows only
2026-08-29T08:01:07.371+03:00 DEBUG 17212 --- [karvya-store] [mcat-handler-81] org.hibernate.SQL                        : 
    select
        i1_0.product_id,
        i1_0.id,
        i1_0.alt_text,
        i1_0.bytes,
        i1_0.content_type,
        i1_0.created_at,
        i1_0.display_order,
        i1_0.height,
        i1_0.is_primary,
        i1_0.storage_key,
        i1_0.width 
    from
        product_image i1_0 
    where
        i1_0.product_id = any (?) 
    order by
        i1_0.display_order,
        i1_0.id
Hibernate: 
    select
        i1_0.product_id,
        i1_0.id,
        i1_0.alt_text,
        i1_0.bytes,
        i1_0.content_type,
        i1_0.created_at,
        i1_0.display_order,
        i1_0.height,
        i1_0.is_primary,
        i1_0.storage_key,
        i1_0.width 
    from
        product_image i1_0 
    where
        i1_0.product_id = any (?) 
    order by
        i1_0.display_order,
        i1_0.id
2026-08-29T08:01:07.396+03:00 DEBUG 17212 --- [karvya-store] [mcat-handler-82] org.hibernate.SQL                        : 
    select
        c1_0.id,
        c1_0.name,
        c1_0.slug,
        c1_0.description,
        c1_0.image_key,
        (select
            count(p1_0.id) 
        from
            product p1_0 
        where
            p1_0.category_id=c1_0.id 
            and p1_0.status='ACTIVE') 
    from
        category c1_0 
    where
        c1_0.active=true 
    order by
        c1_0.display_order,
        c1_0.name
Hibernate: 
    select
        c1_0.id,
        c1_0.name,
        c1_0.slug,
        c1_0.description,
        c1_0.image_key,
        (select
            count(p1_0.id) 
        from
            product p1_0 
        where
            p1_0.category_id=c1_0.id 
            and p1_0.status='ACTIVE') 
    from
        category c1_0 
    where
        c1_0.active=true 
    order by
        c1_0.display_order,
        c1_0.name
2026-08-29T08:01:07.412+03:00 DEBUG 17212 --- [karvya-store] [mcat-handler-83] org.hibernate.SQL                        : 
    select
        au1_0.id,
        au1_0.created_at,
        au1_0.email,
        au1_0.email_normalized,
        au1_0.email_verified_at,
        au1_0.enabled,
        au1_0.failed_attempts,
        au1_0.full_name,
        au1_0.last_login_at,
        au1_0.locked_until,
        au1_0.must_change_password,
        au1_0.password_hash,
        au1_0.phone,
        r1_0.user_id,
        r1_1.id,
        r1_1.code,
        r1_1.created_at,
        r1_1.label,
        au1_0.updated_at,
        au1_0.updated_by,
        au1_0.version 
    from
        app_user au1_0 
    left join
        user_role r1_0 
            on au1_0.id=r1_0.user_id 
    left join
        role r1_1 
            on r1_1.id=r1_0.role_id 
    where
        au1_0.id=?
Hibernate: 
    select
        au1_0.id,
        au1_0.created_at,
        au1_0.email,
        au1_0.email_normalized,
        au1_0.email_verified_at,
        au1_0.enabled,
        au1_0.failed_attempts,
        au1_0.full_name,
        au1_0.last_login_at,
        au1_0.locked_until,
        au1_0.must_change_password,
        au1_0.password_hash,
        au1_0.phone,
        r1_0.user_id,
        r1_1.id,
        r1_1.code,
        r1_1.created_at,
        r1_1.label,
        au1_0.updated_at,
        au1_0.updated_by,
        au1_0.version 
    from
        app_user au1_0 
    left join
        user_role r1_0 
            on au1_0.id=r1_0.user_id 
    left join
        role r1_1 
            on r1_1.id=r1_0.role_id 
    where
        au1_0.id=?
2026-08-29T08:01:07.578+03:00 DEBUG 17212 --- [karvya-store] [   scheduling-1] c.k.s.i.mail.SmtpEmailSender             : Delivered 'New order KV-260829-17HN' to owner@example.com
2026-08-29T08:01:07.580+03:00 DEBUG 17212 --- [karvya-store] [   scheduling-1] org.hibernate.SQL                        : 
    update
        email_notification 
    set
        attempts=?,
        last_attempt_at=?,
        last_error=?,
        next_attempt_at=?,
        payload=?,
        recipient=?,
        related_order_id=?,
        sent_at=?,
        status=?,
        subject=?,
        type=? 
    where
        id=?
Hibernate: 
    update
        email_notification 
    set
        attempts=?,
        last_attempt_at=?,
        last_error=?,
        next_attempt_at=?,
        payload=?,
        recipient=?,
        related_order_id=?,
        sent_at=?,
        status=?,
        subject=?,
        type=? 
    where
        id=?
2026-08-29T08:01:07.590+03:00 DEBUG 17212 --- [karvya-store] [   scheduling-1] org.hibernate.SQL                        : 
    select
        en1_0.id,
        en1_0.attempts,
        en1_0.created_at,
        en1_0.last_attempt_at,
        en1_0.last_error,
        en1_0.next_attempt_at,
        en1_0.payload,
        en1_0.recipient,
        en1_0.related_order_id,
        en1_0.sent_at,
        en1_0.status,
        en1_0.subject,
        en1_0.type 
    from
        email_notification en1_0 
    where
        en1_0.id=?
Hibernate: 
    select
        en1_0.id,
        en1_0.attempts,
        en1_0.created_at,
        en1_0.last_attempt_at,
        en1_0.last_error,
        en1_0.next_attempt_at,
        en1_0.payload,
        en1_0.recipient,
        en1_0.related_order_id,
        en1_0.sent_at,
        en1_0.status,
        en1_0.subject,
        en1_0.type 
    from
        email_notification en1_0 
    where
        en1_0.id=?
2026-08-29T08:01:07.709+03:00 DEBUG 17212 --- [karvya-store] [   scheduling-1] c.k.s.i.mail.SmtpEmailSender             : Delivered 'Your order KV-260829-17HN' to e2e-guest-1787979655189@example.test
2026-08-29T08:01:07.710+03:00 DEBUG 17212 --- [karvya-store] [   scheduling-1] org.hibernate.SQL                        : 
    update
        email_notification 
    set
        attempts=?,
        last_attempt_at=?,
        last_error=?,
        next_attempt_at=?,
        payload=?,
        recipient=?,
        related_order_id=?,
        sent_at=?,
        status=?,
        subject=?,
        type=? 
    where
        id=?
Hibernate: 
    update
        email_notification 
    set
        attempts=?,
        last_attempt_at=?,
        last_error=?,
        next_attempt_at=?,
        payload=?,
        recipient=?,
        related_order_id=?,
        sent_at=?,
        status=?,
        subject=?,
        type=? 
    where
        id=?
2026-08-29T08:01:07.716+03:00 DEBUG 17212 --- [karvya-store] [   scheduling-1] c.k.s.a.notification.NotificationWorker  : Notification pass: 2 sent
2026-08-29T08:01:07.789+03:00 DEBUG 17212 --- [karvya-store] [mcat-handler-84] org.hibernate.SQL                        : 
    select
        ss1_0.setting_key,
        ss1_0.description,
        ss1_0.updated_at,
        ss1_0.updated_by,
        ss1_0.setting_value,
        ss1_0.value_type 
    from
        site_setting ss1_0 
    order by
        ss1_0.setting_key
Hibernate: 
    select
        ss1_0.setting_key,
        ss1_0.description,
        ss1_0.updated_at,
        ss1_0.updated_by,
        ss1_0.setting_value,
        ss1_0.value_type 
    from
        site_setting ss1_0 
    order by
        ss1_0.setting_key
2026-08-29T08:01:08.304+03:00 DEBUG 17212 --- [karvya-store] [mcat-handler-88] org.hibernate.SQL                        : 
    select
        c1_0.id,
        c1_0.created_at,
        i1_0.cart_id,
        i1_0.id,
        i1_0.added_at,
        i1_0.product_id,
        p1_0.id,
        p1_0.care_instructions,
        p1_0.category_id,
        c3_0.id,
        c3_0.active,
        c3_0.created_at,
        c3_0.description,
        c3_0.display_order,
        c3_0.image_key,
        c3_0.name,
        c3_0.slug,
        c3_0.updated_at,
        c3_0.updated_by,
        p1_0.colour,
        p1_0.created_at,
        p1_0.description,
        p1_0.dimensions,
        p1_0.featured,
        p1_0.low_stock_threshold,
        p1_0.material,
        p1_0.name,
        p1_0.placeholder_content,
        p1_0.price,
        p1_0.short_description,
        p1_0.sku,
        p1_0.slug,
        p1_0.status,
        p1_0.stock_quantity,
        p1_0.updated_at,
        p1_0.updated_by,
        p1_0.version,
        i1_0.quantity,
        c1_0.updated_at,
        c1_0.user_id 
    from
        cart c1_0 
    join
        app_user u1_0 
            on u1_0.id=c1_0.user_id 
    left join
        cart_item i1_0 
            on c1_0.id=i1_0.cart_id 
    left join
        product p1_0 
            on p1_0.id=i1_0.product_id 
    left join
        category c3_0 
            on c3_0.id=p1_0.category_id 
    where
        u1_0.id=? 
    order by
        i1_0.added_at,
        i1_0.id
Hibernate: 
    select
        c1_0.id,
        c1_0.created_at,
        i1_0.cart_id,
        i1_0.id,
        i1_0.added_at,
        i1_0.product_id,
        p1_0.id,
        p1_0.care_instructions,
        p1_0.category_id,
        c3_0.id,
        c3_0.active,
        c3_0.created_at,
        c3_0.description,
        c3_0.display_order,
        c3_0.image_key,
        c3_0.name,
        c3_0.slug,
        c3_0.updated_at,
        c3_0.updated_by,
        p1_0.colour,
        p1_0.created_at,
        p1_0.description,
        p1_0.dimensions,
        p1_0.featured,
        p1_0.low_stock_threshold,
        p1_0.material,
        p1_0.name,
        p1_0.placeholder_content,
        p1_0.price,
        p1_0.short_description,
        p1_0.sku,
        p1_0.slug,
        p1_0.status,
        p1_0.stock_quantity,
        p1_0.updated_at,
        p1_0.updated_by,
        p1_0.version,
        i1_0.quantity,
        c1_0.updated_at,
        c1_0.user_id 
    from
        cart c1_0 
    join
        app_user u1_0 
            on u1_0.id=c1_0.user_id 
    left join
        cart_item i1_0 
            on c1_0.id=i1_0.cart_id 
    left join
        product p1_0 
            on p1_0.id=i1_0.product_id 
    left join
        category c3_0 
            on c3_0.id=p1_0.category_id 
    where
        u1_0.id=? 
    order by
        i1_0.added_at,
        i1_0.id
2026-08-29T08:01:12.720+03:00 DEBUG 17212 --- [karvya-store] [mcat-handler-94] org.hibernate.SQL                        : 
    select
        c1_0.id,
        c1_0.name,
        c1_0.slug,
        c1_0.description,
        c1_0.image_key,
        (select
            count(p1_0.id) 
        from
            product p1_0 
        where
            p1_0.category_id=c1_0.id 
            and p1_0.status='ACTIVE') 
    from
        category c1_0 
    where
        c1_0.active=true 
    order by
        c1_0.display_order,
        c1_0.name
Hibernate: 
    select
        c1_0.id,
        c1_0.name,
        c1_0.slug,
        c1_0.description,
        c1_0.image_key,
        (select
            count(p1_0.id) 
        from
            product p1_0 
        where
            p1_0.category_id=c1_0.id 
            and p1_0.status='ACTIVE') 
    from
        category c1_0 
    where
        c1_0.active=true 
    order by
        c1_0.display_order,
        c1_0.name
2026-08-29T08:01:12.726+03:00 DEBUG 17212 --- [karvya-store] [mcat-handler-93] org.hibernate.SQL                        : 
    select
        p1_0.id,
        p1_0.care_instructions,
        p1_0.category_id,
        c1_0.id,
        c1_0.active,
        c1_0.created_at,
        c1_0.description,
        c1_0.display_order,
        c1_0.image_key,
        c1_0.name,
        c1_0.slug,
        c1_0.updated_at,
        c1_0.updated_by,
        p1_0.colour,
        p1_0.created_at,
        p1_0.description,
        p1_0.dimensions,
        p1_0.featured,
        p1_0.low_stock_threshold,
        p1_0.material,
        p1_0.name,
        p1_0.placeholder_content,
        p1_0.price,
        p1_0.short_description,
        p1_0.sku,
        p1_0.slug,
        p1_0.status,
        p1_0.stock_quantity,
        p1_0.updated_at,
        p1_0.updated_by,
        p1_0.version 
    from
        product p1_0 
    join
        category c1_0 
            on c1_0.id=p1_0.category_id 
    where
        1=1 
        and p1_0.status=? 
    order by
        p1_0.featured desc,
        p1_0.name,
        p1_0.id 
    offset
        ? rows 
    fetch
        first ? rows only
Hibernate: 
    select
        p1_0.id,
        p1_0.care_instructions,
        p1_0.category_id,
        c1_0.id,
        c1_0.active,
        c1_0.created_at,
        c1_0.description,
        c1_0.display_order,
        c1_0.image_key,
        c1_0.name,
        c1_0.slug,
        c1_0.updated_at,
        c1_0.updated_by,
        p1_0.colour,
        p1_0.created_at,
        p1_0.description,
        p1_0.dimensions,
        p1_0.featured,
        p1_0.low_stock_threshold,
        p1_0.material,
        p1_0.name,
        p1_0.placeholder_content,
        p1_0.price,
        p1_0.short_description,
        p1_0.sku,
        p1_0.slug,
        p1_0.status,
        p1_0.stock_quantity,
        p1_0.updated_at,
        p1_0.updated_by,
        p1_0.version 
    from
        product p1_0 
    join
        category c1_0 
            on c1_0.id=p1_0.category_id 
    where
        1=1 
        and p1_0.status=? 
    order by
        p1_0.featured desc,
        p1_0.name,
        p1_0.id 
    offset
        ? rows 
    fetch
        first ? rows only
2026-08-29T08:01:12.734+03:00 DEBUG 17212 --- [karvya-store] [mcat-handler-93] org.hibernate.SQL                        : 
    select
        i1_0.product_id,
        i1_0.id,
        i1_0.alt_text,
        i1_0.bytes,
        i1_0.content_type,
        i1_0.created_at,
        i1_0.display_order,
        i1_0.height,
        i1_0.is_primary,
        i1_0.storage_key,
        i1_0.width 
    from
        product_image i1_0 
    where
        i1_0.product_id = any (?) 
    order by
        i1_0.display_order,
        i1_0.id
Hibernate: 
    select
        i1_0.product_id,
        i1_0.id,
        i1_0.alt_text,
        i1_0.bytes,
        i1_0.content_type,
        i1_0.created_at,
        i1_0.display_order,
        i1_0.height,
        i1_0.is_primary,
        i1_0.storage_key,
        i1_0.width 
    from
        product_image i1_0 
    where
        i1_0.product_id = any (?) 
    order by
        i1_0.display_order,
        i1_0.id
2026-08-29T08:01:13.357+03:00 DEBUG 17212 --- [karvya-store] [cat-handler-100] org.hibernate.SQL                        : 
    select
        p1_0.id,
        p1_0.care_instructions,
        p1_0.category_id,
        c1_0.id,
        c1_0.active,
        c1_0.created_at,
        c1_0.description,
        c1_0.display_order,
        c1_0.image_key,
        c1_0.name,
        c1_0.slug,
        c1_0.updated_at,
        c1_0.updated_by,
        p1_0.colour,
        p1_0.created_at,
        p1_0.description,
        p1_0.dimensions,
        p1_0.featured,
        i1_0.product_id,
        i1_0.id,
        i1_0.alt_text,
        i1_0.bytes,
        i1_0.content_type,
        i1_0.created_at,
        i1_0.display_order,
        i1_0.height,
        i1_0.is_primary,
        i1_0.storage_key,
        i1_0.width,
        p1_0.low_stock_threshold,
        p1_0.material,
        p1_0.name,
        p1_0.placeholder_content,
        p1_0.price,
        p1_0.short_description,
        p1_0.sku,
        p1_0.slug,
        p1_0.status,
        p1_0.stock_quantity,
        p1_0.updated_at,
        p1_0.updated_by,
        p1_0.version 
    from
        product p1_0 
    join
        category c1_0 
            on c1_0.id=p1_0.category_id 
    left join
        product_image i1_0 
            on p1_0.id=i1_0.product_id 
    where
        p1_0.slug=? 
        and p1_0.status=? 
    order by
        i1_0.display_order,
        i1_0.id
Hibernate: 
    select
        p1_0.id,
        p1_0.care_instructions,
        p1_0.category_id,
        c1_0.id,
        c1_0.active,
        c1_0.created_at,
        c1_0.description,
        c1_0.display_order,
        c1_0.image_key,
        c1_0.name,
        c1_0.slug,
        c1_0.updated_at,
        c1_0.updated_by,
        p1_0.colour,
        p1_0.created_at,
        p1_0.description,
        p1_0.dimensions,
        p1_0.featured,
        i1_0.product_id,
        i1_0.id,
        i1_0.alt_text,
        i1_0.bytes,
        i1_0.content_type,
        i1_0.created_at,
        i1_0.display_order,
        i1_0.height,
        i1_0.is_primary,
        i1_0.storage_key,
        i1_0.width,
        p1_0.low_stock_threshold,
        p1_0.material,
        p1_0.name,
        p1_0.placeholder_content,
        p1_0.price,
        p1_0.short_description,
        p1_0.sku,
        p1_0.slug,
        p1_0.status,
        p1_0.stock_quantity,
        p1_0.updated_at,
        p1_0.updated_by,
        p1_0.version 
    from
        product p1_0 
    join
        category c1_0 
            on c1_0.id=p1_0.category_id 
    left join
        product_image i1_0 
            on p1_0.id=i1_0.product_id 
    where
        p1_0.slug=? 
        and p1_0.status=? 
    order by
        i1_0.display_order,
        i1_0.id
2026-08-29T08:01:13.457+03:00 DEBUG 17212 --- [karvya-store] [cat-handler-101] org.hibernate.SQL                        : 
    select
        p1_0.id,
        p1_0.care_instructions,
        p1_0.category_id,
        c1_0.id,
        c1_0.active,
        c1_0.created_at,
        c1_0.description,
        c1_0.display_order,
        c1_0.image_key,
        c1_0.name,
        c1_0.slug,
        c1_0.updated_at,
        c1_0.updated_by,
        p1_0.colour,
        p1_0.created_at,
        p1_0.description,
        p1_0.dimensions,
        p1_0.featured,
        i1_0.product_id,
        i1_0.id,
        i1_0.alt_text,
        i1_0.bytes,
        i1_0.content_type,
        i1_0.created_at,
        i1_0.display_order,
        i1_0.height,
        i1_0.is_primary,
        i1_0.storage_key,
        i1_0.width,
        p1_0.low_stock_threshold,
        p1_0.material,
        p1_0.name,
        p1_0.placeholder_content,
        p1_0.price,
        p1_0.short_description,
        p1_0.sku,
        p1_0.slug,
        p1_0.status,
        p1_0.stock_quantity,
        p1_0.updated_at,
        p1_0.updated_by,
        p1_0.version 
    from
        product p1_0 
    join
        category c1_0 
            on c1_0.id=p1_0.category_id 
    left join
        product_image i1_0 
            on p1_0.id=i1_0.product_id 
    where
        p1_0.slug=? 
        and p1_0.status=? 
    order by
        i1_0.display_order,
        i1_0.id
Hibernate: 
    select
        p1_0.id,
        p1_0.care_instructions,
        p1_0.category_id,
        c1_0.id,
        c1_0.active,
        c1_0.created_at,
        c1_0.description,
        c1_0.display_order,
        c1_0.image_key,
        c1_0.name,
        c1_0.slug,
        c1_0.updated_at,
        c1_0.updated_by,
        p1_0.colour,
        p1_0.created_at,
        p1_0.description,
        p1_0.dimensions,
        p1_0.featured,
        i1_0.product_id,
        i1_0.id,
        i1_0.alt_text,
        i1_0.bytes,
        i1_0.content_type,
        i1_0.created_at,
        i1_0.display_order,
        i1_0.height,
        i1_0.is_primary,
        i1_0.storage_key,
        i1_0.width,
        p1_0.low_stock_threshold,
        p1_0.material,
        p1_0.name,
        p1_0.placeholder_content,
        p1_0.price,
        p1_0.short_description,
        p1_0.sku,
        p1_0.slug,
        p1_0.status,
        p1_0.stock_quantity,
        p1_0.updated_at,
        p1_0.updated_by,
        p1_0.version 
    from
        product p1_0 
    join
        category c1_0 
            on c1_0.id=p1_0.category_id 
    left join
        product_image i1_0 
            on p1_0.id=i1_0.product_id 
    where
        p1_0.slug=? 
        and p1_0.status=? 
    order by
        i1_0.display_order,
        i1_0.id
2026-08-29T08:01:13.475+03:00 DEBUG 17212 --- [karvya-store] [cat-handler-101] org.hibernate.SQL                        : 
    select
        p1_0.id,
        p1_0.care_instructions,
        p1_0.category_id,
        c1_0.id,
        c1_0.active,
        c1_0.created_at,
        c1_0.description,
        c1_0.display_order,
        c1_0.image_key,
        c1_0.name,
        c1_0.slug,
        c1_0.updated_at,
        c1_0.updated_by,
        p1_0.colour,
        p1_0.created_at,
        p1_0.description,
        p1_0.dimensions,
        p1_0.featured,
        p1_0.low_stock_threshold,
        p1_0.material,
        p1_0.name,
        p1_0.placeholder_content,
        p1_0.price,
        p1_0.short_description,
        p1_0.sku,
        p1_0.slug,
        p1_0.status,
        p1_0.stock_quantity,
        p1_0.updated_at,
        p1_0.updated_by,
        p1_0.version 
    from
        product p1_0 
    join
        category c1_0 
            on c1_0.id=p1_0.category_id 
    where
        p1_0.status=? 
        and p1_0.category_id=? 
        and p1_0.id<>? 
    order by
        p1_0.featured desc,
        p1_0.created_at desc 
    fetch
        first ? rows only
Hibernate: 
    select
        p1_0.id,
        p1_0.care_instructions,
        p1_0.category_id,
        c1_0.id,
        c1_0.active,
        c1_0.created_at,
        c1_0.description,
        c1_0.display_order,
        c1_0.image_key,
        c1_0.name,
        c1_0.slug,
        c1_0.updated_at,
        c1_0.updated_by,
        p1_0.colour,
        p1_0.created_at,
        p1_0.description,
        p1_0.dimensions,
        p1_0.featured,
        p1_0.low_stock_threshold,
        p1_0.material,
        p1_0.name,
        p1_0.placeholder_content,
        p1_0.price,
        p1_0.short_description,
        p1_0.sku,
        p1_0.slug,
        p1_0.status,
        p1_0.stock_quantity,
        p1_0.updated_at,
        p1_0.updated_by,
        p1_0.version 
    from
        product p1_0 
    join
        category c1_0 
            on c1_0.id=p1_0.category_id 
    where
        p1_0.status=? 
        and p1_0.category_id=? 
        and p1_0.id<>? 
    order by
        p1_0.featured desc,
        p1_0.created_at desc 
    fetch
        first ? rows only
2026-08-29T08:01:13.492+03:00 DEBUG 17212 --- [karvya-store] [cat-handler-101] org.hibernate.SQL                        : 
    select
        i1_0.product_id,
        i1_0.id,
        i1_0.alt_text,
        i1_0.bytes,
        i1_0.content_type,
        i1_0.created_at,
        i1_0.display_order,
        i1_0.height,
        i1_0.is_primary,
        i1_0.storage_key,
        i1_0.width 
    from
        product_image i1_0 
    where
        i1_0.product_id = any (?) 
    order by
        i1_0.display_order,
        i1_0.id
Hibernate: 
    select
        i1_0.product_id,
        i1_0.id,
        i1_0.alt_text,
        i1_0.bytes,
        i1_0.content_type,
        i1_0.created_at,
        i1_0.display_order,
        i1_0.height,
        i1_0.is_primary,
        i1_0.storage_key,
        i1_0.width 
    from
        product_image i1_0 
    where
        i1_0.product_id = any (?) 
    order by
        i1_0.display_order,
        i1_0.id
2026-08-29T08:01:13.749+03:00 DEBUG 17212 --- [karvya-store] [cat-handler-104] org.hibernate.SQL                        : 
    select
        p1_0.id,
        p1_0.care_instructions,
        p1_0.category_id,
        c1_0.id,
        c1_0.active,
        c1_0.created_at,
        c1_0.description,
        c1_0.display_order,
        c1_0.image_key,
        c1_0.name,
        c1_0.slug,
        c1_0.updated_at,
        c1_0.updated_by,
        p1_0.colour,
        p1_0.created_at,
        p1_0.description,
        p1_0.dimensions,
        p1_0.featured,
        i1_0.product_id,
        i1_0.id,
        i1_0.alt_text,
        i1_0.bytes,
        i1_0.content_type,
        i1_0.created_at,
        i1_0.display_order,
        i1_0.height,
        i1_0.is_primary,
        i1_0.storage_key,
        i1_0.width,
        p1_0.low_stock_threshold,
        p1_0.material,
        p1_0.name,
        p1_0.placeholder_content,
        p1_0.price,
        p1_0.short_description,
        p1_0.sku,
        p1_0.slug,
        p1_0.status,
        p1_0.stock_quantity,
        p1_0.updated_at,
        p1_0.updated_by,
        p1_0.version 
    from
        product p1_0 
    join
        category c1_0 
            on c1_0.id=p1_0.category_id 
    left join
        product_image i1_0 
            on p1_0.id=i1_0.product_id 
    where
        p1_0.id in (?) 
    order by
        i1_0.display_order,
        i1_0.id
Hibernate: 
    select
        p1_0.id,
        p1_0.care_instructions,
        p1_0.category_id,
        c1_0.id,
        c1_0.active,
        c1_0.created_at,
        c1_0.description,
        c1_0.display_order,
        c1_0.image_key,
        c1_0.name,
        c1_0.slug,
        c1_0.updated_at,
        c1_0.updated_by,
        p1_0.colour,
        p1_0.created_at,
        p1_0.description,
        p1_0.dimensions,
        p1_0.featured,
        i1_0.product_id,
        i1_0.id,
        i1_0.alt_text,
        i1_0.bytes,
        i1_0.content_type,
        i1_0.created_at,
        i1_0.display_order,
        i1_0.height,
        i1_0.is_primary,
        i1_0.storage_key,
        i1_0.width,
        p1_0.low_stock_threshold,
        p1_0.material,
        p1_0.name,
        p1_0.placeholder_content,
        p1_0.price,
        p1_0.short_description,
        p1_0.sku,
        p1_0.slug,
        p1_0.status,
        p1_0.stock_quantity,
        p1_0.updated_at,
        p1_0.updated_by,
        p1_0.version 
    from
        product p1_0 
    join
        category c1_0 
            on c1_0.id=p1_0.category_id 
    left join
        product_image i1_0 
            on p1_0.id=i1_0.product_id 
    where
        p1_0.id in (?) 
    order by
        i1_0.display_order,
        i1_0.id
2026-08-29T08:01:14.486+03:00 DEBUG 17212 --- [karvya-store] [cat-handler-106] org.hibernate.SQL                        : 
    select
        p1_0.id,
        p1_0.care_instructions,
        p1_0.category_id,
        c1_0.id,
        c1_0.active,
        c1_0.created_at,
        c1_0.description,
        c1_0.display_order,
        c1_0.image_key,
        c1_0.name,
        c1_0.slug,
        c1_0.updated_at,
        c1_0.updated_by,
        p1_0.colour,
        p1_0.created_at,
        p1_0.description,
        p1_0.dimensions,
        p1_0.featured,
        i1_0.product_id,
        i1_0.id,
        i1_0.alt_text,
        i1_0.bytes,
        i1_0.content_type,
        i1_0.created_at,
        i1_0.display_order,
        i1_0.height,
        i1_0.is_primary,
        i1_0.storage_key,
        i1_0.width,
        p1_0.low_stock_threshold,
        p1_0.material,
        p1_0.name,
        p1_0.placeholder_content,
        p1_0.price,
        p1_0.short_description,
        p1_0.sku,
        p1_0.slug,
        p1_0.status,
        p1_0.stock_quantity,
        p1_0.updated_at,
        p1_0.updated_by,
        p1_0.version 
    from
        product p1_0 
    join
        category c1_0 
            on c1_0.id=p1_0.category_id 
    left join
        product_image i1_0 
            on p1_0.id=i1_0.product_id 
    where
        p1_0.id in (?) 
    order by
        i1_0.display_order,
        i1_0.id
Hibernate: 
    select
        p1_0.id,
        p1_0.care_instructions,
        p1_0.category_id,
        c1_0.id,
        c1_0.active,
        c1_0.created_at,
        c1_0.description,
        c1_0.display_order,
        c1_0.image_key,
        c1_0.name,
        c1_0.slug,
        c1_0.updated_at,
        c1_0.updated_by,
        p1_0.colour,
        p1_0.created_at,
        p1_0.description,
        p1_0.dimensions,
        p1_0.featured,
        i1_0.product_id,
        i1_0.id,
        i1_0.alt_text,
        i1_0.bytes,
        i1_0.content_type,
        i1_0.created_at,
        i1_0.display_order,
        i1_0.height,
        i1_0.is_primary,
        i1_0.storage_key,
        i1_0.width,
        p1_0.low_stock_threshold,
        p1_0.material,
        p1_0.name,
        p1_0.placeholder_content,
        p1_0.price,
        p1_0.short_description,
        p1_0.sku,
        p1_0.slug,
        p1_0.status,
        p1_0.stock_quantity,
        p1_0.updated_at,
        p1_0.updated_by,
        p1_0.version 
    from
        product p1_0 
    join
        category c1_0 
            on c1_0.id=p1_0.category_id 
    left join
        product_image i1_0 
            on p1_0.id=i1_0.product_id 
    where
        p1_0.id in (?) 
    order by
        i1_0.display_order,
        i1_0.id
2026-08-29T08:01:15.442+03:00 DEBUG 17212 --- [karvya-store] [cat-handler-107] org.hibernate.SQL                        : 
    select
        au1_0.id 
    from
        app_user au1_0 
    where
        au1_0.email_normalized=? 
    fetch
        first ? rows only
Hibernate: 
    select
        au1_0.id 
    from
        app_user au1_0 
    where
        au1_0.email_normalized=? 
    fetch
        first ? rows only
2026-08-29T08:01:15.447+03:00 DEBUG 17212 --- [karvya-store] [cat-handler-107] org.hibernate.SQL                        : 
    select
        au1_0.id 
    from
        app_user au1_0 
    where
        au1_0.phone=? 
    fetch
        first ? rows only
Hibernate: 
    select
        au1_0.id 
    from
        app_user au1_0 
    where
        au1_0.phone=? 
    fetch
        first ? rows only
2026-08-29T08:01:15.664+03:00 DEBUG 17212 --- [karvya-store] [cat-handler-107] org.hibernate.SQL                        : 
    select
        r1_0.id,
        r1_0.code,
        r1_0.created_at,
        r1_0.label 
    from
        role r1_0 
    where
        r1_0.code=?
Hibernate: 
    select
        r1_0.id,
        r1_0.code,
        r1_0.created_at,
        r1_0.label 
    from
        role r1_0 
    where
        r1_0.code=?
2026-08-29T08:01:15.671+03:00 DEBUG 17212 --- [karvya-store] [cat-handler-107] org.hibernate.SQL                        : 
    insert 
    into
        app_user
        (created_at, email, email_normalized, email_verified_at, enabled, failed_attempts, full_name, last_login_at, locked_until, must_change_password, password_hash, phone, updated_at, updated_by, version) 
    values
        (?, ?, ?, ?, ?, ?, ?, ?, ?, ?, ?, ?, ?, ?, ?)
Hibernate: 
    insert 
    into
        app_user
        (created_at, email, email_normalized, email_verified_at, enabled, failed_attempts, full_name, last_login_at, locked_until, must_change_password, password_hash, phone, updated_at, updated_by, version) 
    values
        (?, ?, ?, ?, ?, ?, ?, ?, ?, ?, ?, ?, ?, ?, ?)
2026-08-29T08:01:15.681+03:00 DEBUG 17212 --- [karvya-store] [cat-handler-107] org.hibernate.SQL                        : 
    insert 
    into
        user_role
        (user_id, role_id) 
    values
        (?, ?)
Hibernate: 
    insert 
    into
        user_role
        (user_id, role_id) 
    values
        (?, ?)
2026-08-29T08:01:15.779+03:00 DEBUG 17212 --- [karvya-store] [cat-handler-108] org.hibernate.SQL                        : 
    select
        au1_0.id,
        au1_0.created_at,
        au1_0.email,
        au1_0.email_normalized,
        au1_0.email_verified_at,
        au1_0.enabled,
        au1_0.failed_attempts,
        au1_0.full_name,
        au1_0.last_login_at,
        au1_0.locked_until,
        au1_0.must_change_password,
        au1_0.password_hash,
        au1_0.phone,
        au1_0.updated_at,
        au1_0.updated_by,
        au1_0.version 
    from
        app_user au1_0 
    where
        au1_0.email_normalized=?
Hibernate: 
    select
        au1_0.id,
        au1_0.created_at,
        au1_0.email,
        au1_0.email_normalized,
        au1_0.email_verified_at,
        au1_0.enabled,
        au1_0.failed_attempts,
        au1_0.full_name,
        au1_0.last_login_at,
        au1_0.locked_until,
        au1_0.must_change_password,
        au1_0.password_hash,
        au1_0.phone,
        au1_0.updated_at,
        au1_0.updated_by,
        au1_0.version 
    from
        app_user au1_0 
    where
        au1_0.email_normalized=?
2026-08-29T08:01:15.783+03:00 DEBUG 17212 --- [karvya-store] [cat-handler-108] org.hibernate.SQL                        : 
    select
        r1_0.user_id,
        r1_1.id,
        r1_1.code,
        r1_1.created_at,
        r1_1.label 
    from
        user_role r1_0 
    join
        role r1_1 
            on r1_1.id=r1_0.role_id 
    where
        r1_0.user_id=?
Hibernate: 
    select
        r1_0.user_id,
        r1_1.id,
        r1_1.code,
        r1_1.created_at,
        r1_1.label 
    from
        user_role r1_0 
    join
        role r1_1 
            on r1_1.id=r1_0.role_id 
    where
        r1_0.user_id=?
2026-08-29T08:01:16.033+03:00 DEBUG 17212 --- [karvya-store] [cat-handler-108] org.hibernate.SQL                        : 
    select
        au1_0.id,
        au1_0.created_at,
        au1_0.email,
        au1_0.email_normalized,
        au1_0.email_verified_at,
        au1_0.enabled,
        au1_0.failed_attempts,
        au1_0.full_name,
        au1_0.last_login_at,
        au1_0.locked_until,
        au1_0.must_change_password,
        au1_0.password_hash,
        au1_0.phone,
        au1_0.updated_at,
        au1_0.updated_by,
        au1_0.version 
    from
        app_user au1_0 
    where
        au1_0.email_normalized=?
Hibernate: 
    select
        au1_0.id,
        au1_0.created_at,
        au1_0.email,
        au1_0.email_normalized,
        au1_0.email_verified_at,
        au1_0.enabled,
        au1_0.failed_attempts,
        au1_0.full_name,
        au1_0.last_login_at,
        au1_0.locked_until,
        au1_0.must_change_password,
        au1_0.password_hash,
        au1_0.phone,
        au1_0.updated_at,
        au1_0.updated_by,
        au1_0.version 
    from
        app_user au1_0 
    where
        au1_0.email_normalized=?
2026-08-29T08:01:16.036+03:00 DEBUG 17212 --- [karvya-store] [cat-handler-108] org.hibernate.SQL                        : 
    select
        r1_0.user_id,
        r1_1.id,
        r1_1.code,
        r1_1.created_at,
        r1_1.label 
    from
        user_role r1_0 
    join
        role r1_1 
            on r1_1.id=r1_0.role_id 
    where
        r1_0.user_id=?
Hibernate: 
    select
        r1_0.user_id,
        r1_1.id,
        r1_1.code,
        r1_1.created_at,
        r1_1.label 
    from
        user_role r1_0 
    join
        role r1_1 
            on r1_1.id=r1_0.role_id 
    where
        r1_0.user_id=?
2026-08-29T08:01:16.038+03:00 DEBUG 17212 --- [karvya-store] [cat-handler-108] org.hibernate.SQL                        : 
    update
        app_user 
    set
        email=?,
        email_normalized=?,
        email_verified_at=?,
        enabled=?,
        failed_attempts=?,
        full_name=?,
        last_login_at=?,
        locked_until=?,
        must_change_password=?,
        password_hash=?,
        phone=?,
        updated_at=?,
        updated_by=?,
        version=? 
    where
        id=? 
        and version=?
Hibernate: 
    update
        app_user 
    set
        email=?,
        email_normalized=?,
        email_verified_at=?,
        enabled=?,
        failed_attempts=?,
        full_name=?,
        last_login_at=?,
        locked_until=?,
        must_change_password=?,
        password_hash=?,
        phone=?,
        updated_at=?,
        updated_by=?,
        version=? 
    where
        id=? 
        and version=?
2026-08-29T08:01:16.044+03:00 DEBUG 17212 --- [karvya-store] [cat-handler-108] org.hibernate.SQL                        : 
    select
        au1_0.id,
        au1_0.created_at,
        au1_0.email,
        au1_0.email_normalized,
        au1_0.email_verified_at,
        au1_0.enabled,
        au1_0.failed_attempts,
        au1_0.full_name,
        au1_0.last_login_at,
        au1_0.locked_until,
        au1_0.must_change_password,
        au1_0.password_hash,
        au1_0.phone,
        r1_0.user_id,
        r1_1.id,
        r1_1.code,
        r1_1.created_at,
        r1_1.label,
        au1_0.updated_at,
        au1_0.updated_by,
        au1_0.version 
    from
        app_user au1_0 
    left join
        user_role r1_0 
            on au1_0.id=r1_0.user_id 
    left join
        role r1_1 
            on r1_1.id=r1_0.role_id 
    where
        au1_0.id=?
Hibernate: 
    select
        au1_0.id,
        au1_0.created_at,
        au1_0.email,
        au1_0.email_normalized,
        au1_0.email_verified_at,
        au1_0.enabled,
        au1_0.failed_attempts,
        au1_0.full_name,
        au1_0.last_login_at,
        au1_0.locked_until,
        au1_0.must_change_password,
        au1_0.password_hash,
        au1_0.phone,
        r1_0.user_id,
        r1_1.id,
        r1_1.code,
        r1_1.created_at,
        r1_1.label,
        au1_0.updated_at,
        au1_0.updated_by,
        au1_0.version 
    from
        app_user au1_0 
    left join
        user_role r1_0 
            on au1_0.id=r1_0.user_id 
    left join
        role r1_1 
            on r1_1.id=r1_0.role_id 
    where
        au1_0.id=?
2026-08-29T08:01:16.147+03:00 DEBUG 17212 --- [karvya-store] [cat-handler-109] org.hibernate.SQL                        : 
    select
        c1_0.id,
        c1_0.created_at,
        i1_0.cart_id,
        i1_0.id,
        i1_0.added_at,
        i1_0.product_id,
        p1_0.id,
        p1_0.care_instructions,
        p1_0.category_id,
        c3_0.id,
        c3_0.active,
        c3_0.created_at,
        c3_0.description,
        c3_0.display_order,
        c3_0.image_key,
        c3_0.name,
        c3_0.slug,
        c3_0.updated_at,
        c3_0.updated_by,
        p1_0.colour,
        p1_0.created_at,
        p1_0.description,
        p1_0.dimensions,
        p1_0.featured,
        p1_0.low_stock_threshold,
        p1_0.material,
        p1_0.name,
        p1_0.placeholder_content,
        p1_0.price,
        p1_0.short_description,
        p1_0.sku,
        p1_0.slug,
        p1_0.status,
        p1_0.stock_quantity,
        p1_0.updated_at,
        p1_0.updated_by,
        p1_0.version,
        i1_0.quantity,
        c1_0.updated_at,
        c1_0.user_id 
    from
        cart c1_0 
    join
        app_user u1_0 
            on u1_0.id=c1_0.user_id 
    left join
        cart_item i1_0 
            on c1_0.id=i1_0.cart_id 
    left join
        product p1_0 
            on p1_0.id=i1_0.product_id 
    left join
        category c3_0 
            on c3_0.id=p1_0.category_id 
    where
        u1_0.id=? 
    order by
        i1_0.added_at,
        i1_0.id
Hibernate: 
    select
        c1_0.id,
        c1_0.created_at,
        i1_0.cart_id,
        i1_0.id,
        i1_0.added_at,
        i1_0.product_id,
        p1_0.id,
        p1_0.care_instructions,
        p1_0.category_id,
        c3_0.id,
        c3_0.active,
        c3_0.created_at,
        c3_0.description,
        c3_0.display_order,
        c3_0.image_key,
        c3_0.name,
        c3_0.slug,
        c3_0.updated_at,
        c3_0.updated_by,
        p1_0.colour,
        p1_0.created_at,
        p1_0.description,
        p1_0.dimensions,
        p1_0.featured,
        p1_0.low_stock_threshold,
        p1_0.material,
        p1_0.name,
        p1_0.placeholder_content,
        p1_0.price,
        p1_0.short_description,
        p1_0.sku,
        p1_0.slug,
        p1_0.status,
        p1_0.stock_quantity,
        p1_0.updated_at,
        p1_0.updated_by,
        p1_0.version,
        i1_0.quantity,
        c1_0.updated_at,
        c1_0.user_id 
    from
        cart c1_0 
    join
        app_user u1_0 
            on u1_0.id=c1_0.user_id 
    left join
        cart_item i1_0 
            on c1_0.id=i1_0.cart_id 
    left join
        product p1_0 
            on p1_0.id=i1_0.product_id 
    left join
        category c3_0 
            on c3_0.id=p1_0.category_id 
    where
        u1_0.id=? 
    order by
        i1_0.added_at,
        i1_0.id
2026-08-29T08:01:16.153+03:00 DEBUG 17212 --- [karvya-store] [cat-handler-110] org.hibernate.SQL                        : 
    select
        c1_0.id,
        c1_0.created_at,
        i1_0.cart_id,
        i1_0.id,
        i1_0.added_at,
        i1_0.product_id,
        p1_0.id,
        p1_0.care_instructions,
        p1_0.category_id,
        c3_0.id,
        c3_0.active,
        c3_0.created_at,
        c3_0.description,
        c3_0.display_order,
        c3_0.image_key,
        c3_0.name,
        c3_0.slug,
        c3_0.updated_at,
        c3_0.updated_by,
        p1_0.colour,
        p1_0.created_at,
        p1_0.description,
        p1_0.dimensions,
        p1_0.featured,
        p1_0.low_stock_threshold,
        p1_0.material,
        p1_0.name,
        p1_0.placeholder_content,
        p1_0.price,
        p1_0.short_description,
        p1_0.sku,
        p1_0.slug,
        p1_0.status,
        p1_0.stock_quantity,
        p1_0.updated_at,
        p1_0.updated_by,
        p1_0.version,
        i1_0.quantity,
        c1_0.updated_at,
        c1_0.user_id 
    from
        cart c1_0 
    join
        app_user u1_0 
            on u1_0.id=c1_0.user_id 
    left join
        cart_item i1_0 
            on c1_0.id=i1_0.cart_id 
    left join
        product p1_0 
            on p1_0.id=i1_0.product_id 
    left join
        category c3_0 
            on c3_0.id=p1_0.category_id 
    where
        u1_0.id=? 
    order by
        i1_0.added_at,
        i1_0.id
Hibernate: 
    select
        c1_0.id,
        c1_0.created_at,
        i1_0.cart_id,
        i1_0.id,
        i1_0.added_at,
        i1_0.product_id,
        p1_0.id,
        p1_0.care_instructions,
        p1_0.category_id,
        c3_0.id,
        c3_0.active,
        c3_0.created_at,
        c3_0.description,
        c3_0.display_order,
        c3_0.image_key,
        c3_0.name,
        c3_0.slug,
        c3_0.updated_at,
        c3_0.updated_by,
        p1_0.colour,
        p1_0.created_at,
        p1_0.description,
        p1_0.dimensions,
        p1_0.featured,
        p1_0.low_stock_threshold,
        p1_0.material,
        p1_0.name,
        p1_0.placeholder_content,
        p1_0.price,
        p1_0.short_description,
        p1_0.sku,
        p1_0.slug,
        p1_0.status,
        p1_0.stock_quantity,
        p1_0.updated_at,
        p1_0.updated_by,
        p1_0.version,
        i1_0.quantity,
        c1_0.updated_at,
        c1_0.user_id 
    from
        cart c1_0 
    join
        app_user u1_0 
            on u1_0.id=c1_0.user_id 
    left join
        cart_item i1_0 
            on c1_0.id=i1_0.cart_id 
    left join
        product p1_0 
            on p1_0.id=i1_0.product_id 
    left join
        category c3_0 
            on c3_0.id=p1_0.category_id 
    where
        u1_0.id=? 
    order by
        i1_0.added_at,
        i1_0.id
2026-08-29T08:01:16.159+03:00 DEBUG 17212 --- [karvya-store] [cat-handler-110] org.hibernate.SQL                        : 
    select
        au1_0.id,
        au1_0.created_at,
        au1_0.email,
        au1_0.email_normalized,
        au1_0.email_verified_at,
        au1_0.enabled,
        au1_0.failed_attempts,
        au1_0.full_name,
        au1_0.last_login_at,
        au1_0.locked_until,
        au1_0.must_change_password,
        au1_0.password_hash,
        au1_0.phone,
        r1_0.user_id,
        r1_1.id,
        r1_1.code,
        r1_1.created_at,
        r1_1.label,
        au1_0.updated_at,
        au1_0.updated_by,
        au1_0.version 
    from
        app_user au1_0 
    left join
        user_role r1_0 
            on au1_0.id=r1_0.user_id 
    left join
        role r1_1 
            on r1_1.id=r1_0.role_id 
    where
        au1_0.id=?
Hibernate: 
    select
        au1_0.id,
        au1_0.created_at,
        au1_0.email,
        au1_0.email_normalized,
        au1_0.email_verified_at,
        au1_0.enabled,
        au1_0.failed_attempts,
        au1_0.full_name,
        au1_0.last_login_at,
        au1_0.locked_until,
        au1_0.must_change_password,
        au1_0.password_hash,
        au1_0.phone,
        r1_0.user_id,
        r1_1.id,
        r1_1.code,
        r1_1.created_at,
        r1_1.label,
        au1_0.updated_at,
        au1_0.updated_by,
        au1_0.version 
    from
        app_user au1_0 
    left join
        user_role r1_0 
            on au1_0.id=r1_0.user_id 
    left join
        role r1_1 
            on r1_1.id=r1_0.role_id 
    where
        au1_0.id=?
2026-08-29T08:01:16.166+03:00 DEBUG 17212 --- [karvya-store] [cat-handler-110] org.hibernate.SQL                        : 
    insert 
    into
        cart
        (created_at, updated_at, user_id) 
    values
        (?, ?, ?)
Hibernate: 
    insert 
    into
        cart
        (created_at, updated_at, user_id) 
    values
        (?, ?, ?)
2026-08-29T08:01:16.176+03:00 DEBUG 17212 --- [karvya-store] [cat-handler-110] org.hibernate.SQL                        : 
    select
        p1_0.id,
        p1_0.care_instructions,
        p1_0.category_id,
        c1_0.id,
        c1_0.active,
        c1_0.created_at,
        c1_0.description,
        c1_0.display_order,
        c1_0.image_key,
        c1_0.name,
        c1_0.slug,
        c1_0.updated_at,
        c1_0.updated_by,
        p1_0.colour,
        p1_0.created_at,
        p1_0.description,
        p1_0.dimensions,
        p1_0.featured,
        i1_0.product_id,
        i1_0.id,
        i1_0.alt_text,
        i1_0.bytes,
        i1_0.content_type,
        i1_0.created_at,
        i1_0.display_order,
        i1_0.height,
        i1_0.is_primary,
        i1_0.storage_key,
        i1_0.width,
        p1_0.low_stock_threshold,
        p1_0.material,
        p1_0.name,
        p1_0.placeholder_content,
        p1_0.price,
        p1_0.short_description,
        p1_0.sku,
        p1_0.slug,
        p1_0.status,
        p1_0.stock_quantity,
        p1_0.updated_at,
        p1_0.updated_by,
        p1_0.version 
    from
        product p1_0 
    join
        category c1_0 
            on c1_0.id=p1_0.category_id 
    left join
        product_image i1_0 
            on p1_0.id=i1_0.product_id 
    where
        p1_0.id in (?) 
    order by
        i1_0.display_order,
        i1_0.id
Hibernate: 
    select
        p1_0.id,
        p1_0.care_instructions,
        p1_0.category_id,
        c1_0.id,
        c1_0.active,
        c1_0.created_at,
        c1_0.description,
        c1_0.display_order,
        c1_0.image_key,
        c1_0.name,
        c1_0.slug,
        c1_0.updated_at,
        c1_0.updated_by,
        p1_0.colour,
        p1_0.created_at,
        p1_0.description,
        p1_0.dimensions,
        p1_0.featured,
        i1_0.product_id,
        i1_0.id,
        i1_0.alt_text,
        i1_0.bytes,
        i1_0.content_type,
        i1_0.created_at,
        i1_0.display_order,
        i1_0.height,
        i1_0.is_primary,
        i1_0.storage_key,
        i1_0.width,
        p1_0.low_stock_threshold,
        p1_0.material,
        p1_0.name,
        p1_0.placeholder_content,
        p1_0.price,
        p1_0.short_description,
        p1_0.sku,
        p1_0.slug,
        p1_0.status,
        p1_0.stock_quantity,
        p1_0.updated_at,
        p1_0.updated_by,
        p1_0.version 
    from
        product p1_0 
    join
        category c1_0 
            on c1_0.id=p1_0.category_id 
    left join
        product_image i1_0 
            on p1_0.id=i1_0.product_id 
    where
        p1_0.id in (?) 
    order by
        i1_0.display_order,
        i1_0.id
2026-08-29T08:01:16.189+03:00 DEBUG 17212 --- [karvya-store] [cat-handler-110] org.hibernate.SQL                        : 
    insert 
    into
        cart_item
        (added_at, cart_id, product_id, quantity) 
    values
        (?, ?, ?, ?)
Hibernate: 
    insert 
    into
        cart_item
        (added_at, cart_id, product_id, quantity) 
    values
        (?, ?, ?, ?)
2026-08-29T08:01:16.195+03:00 DEBUG 17212 --- [karvya-store] [cat-handler-110] c.k.store.application.cart.CartService   : Merged 1 guest lines into the cart for account 7
2026-08-29T08:01:16.203+03:00 DEBUG 17212 --- [karvya-store] [cat-handler-110] org.hibernate.SQL                        : 
    select
        p1_0.id,
        p1_0.care_instructions,
        p1_0.category_id,
        c1_0.id,
        c1_0.active,
        c1_0.created_at,
        c1_0.description,
        c1_0.display_order,
        c1_0.image_key,
        c1_0.name,
        c1_0.slug,
        c1_0.updated_at,
        c1_0.updated_by,
        p1_0.colour,
        p1_0.created_at,
        p1_0.description,
        p1_0.dimensions,
        p1_0.featured,
        i1_0.product_id,
        i1_0.id,
        i1_0.alt_text,
        i1_0.bytes,
        i1_0.content_type,
        i1_0.created_at,
        i1_0.display_order,
        i1_0.height,
        i1_0.is_primary,
        i1_0.storage_key,
        i1_0.width,
        p1_0.low_stock_threshold,
        p1_0.material,
        p1_0.name,
        p1_0.placeholder_content,
        p1_0.price,
        p1_0.short_description,
        p1_0.sku,
        p1_0.slug,
        p1_0.status,
        p1_0.stock_quantity,
        p1_0.updated_at,
        p1_0.updated_by,
        p1_0.version 
    from
        product p1_0 
    join
        category c1_0 
            on c1_0.id=p1_0.category_id 
    left join
        product_image i1_0 
            on p1_0.id=i1_0.product_id 
    where
        p1_0.id in (?) 
    order by
        i1_0.display_order,
        i1_0.id
Hibernate: 
    select
        p1_0.id,
        p1_0.care_instructions,
        p1_0.category_id,
        c1_0.id,
        c1_0.active,
        c1_0.created_at,
        c1_0.description,
        c1_0.display_order,
        c1_0.image_key,
        c1_0.name,
        c1_0.slug,
        c1_0.updated_at,
        c1_0.updated_by,
        p1_0.colour,
        p1_0.created_at,
        p1_0.description,
        p1_0.dimensions,
        p1_0.featured,
        i1_0.product_id,
        i1_0.id,
        i1_0.alt_text,
        i1_0.bytes,
        i1_0.content_type,
        i1_0.created_at,
        i1_0.display_order,
        i1_0.height,
        i1_0.is_primary,
        i1_0.storage_key,
        i1_0.width,
        p1_0.low_stock_threshold,
        p1_0.material,
        p1_0.name,
        p1_0.placeholder_content,
        p1_0.price,
        p1_0.short_description,
        p1_0.sku,
        p1_0.slug,
        p1_0.status,
        p1_0.stock_quantity,
        p1_0.updated_at,
        p1_0.updated_by,
        p1_0.version 
    from
        product p1_0 
    join
        category c1_0 
            on c1_0.id=p1_0.category_id 
    left join
        product_image i1_0 
            on p1_0.id=i1_0.product_id 
    where
        p1_0.id in (?) 
    order by
        i1_0.display_order,
        i1_0.id
2026-08-29T08:01:16.210+03:00 DEBUG 17212 --- [karvya-store] [cat-handler-110] org.hibernate.SQL                        : 
    update
        cart 
    set
        updated_at=?,
        user_id=? 
    where
        id=?
Hibernate: 
    update
        cart 
    set
        updated_at=?,
        user_id=? 
    where
        id=?
2026-08-29T08:01:16.360+03:00 DEBUG 17212 --- [karvya-store] [cat-handler-111] org.hibernate.SQL                        : 
    select
        au1_0.id,
        au1_0.created_at,
        au1_0.email,
        au1_0.email_normalized,
        au1_0.email_verified_at,
        au1_0.enabled,
        au1_0.failed_attempts,
        au1_0.full_name,
        au1_0.last_login_at,
        au1_0.locked_until,
        au1_0.must_change_password,
        au1_0.password_hash,
        au1_0.phone,
        r1_0.user_id,
        r1_1.id,
        r1_1.code,
        r1_1.created_at,
        r1_1.label,
        au1_0.updated_at,
        au1_0.updated_by,
        au1_0.version 
    from
        app_user au1_0 
    left join
        user_role r1_0 
            on au1_0.id=r1_0.user_id 
    left join
        role r1_1 
            on r1_1.id=r1_0.role_id 
    where
        au1_0.id=?
Hibernate: 
    select
        au1_0.id,
        au1_0.created_at,
        au1_0.email,
        au1_0.email_normalized,
        au1_0.email_verified_at,
        au1_0.enabled,
        au1_0.failed_attempts,
        au1_0.full_name,
        au1_0.last_login_at,
        au1_0.locked_until,
        au1_0.must_change_password,
        au1_0.password_hash,
        au1_0.phone,
        r1_0.user_id,
        r1_1.id,
        r1_1.code,
        r1_1.created_at,
        r1_1.label,
        au1_0.updated_at,
        au1_0.updated_by,
        au1_0.version 
    from
        app_user au1_0 
    left join
        user_role r1_0 
            on au1_0.id=r1_0.user_id 
    left join
        role r1_1 
            on r1_1.id=r1_0.role_id 
    where
        au1_0.id=?
2026-08-29T08:01:16.362+03:00 DEBUG 17212 --- [karvya-store] [cat-handler-112] org.hibernate.SQL                        : 
    select
        ca1_0.id,
        ca1_0.city,
        ca1_0.created_at,
        ca1_0.is_default,
        ca1_0.label,
        ca1_0.line1,
        ca1_0.line2,
        ca1_0.phone,
        ca1_0.postal_code,
        ca1_0.recipient_name,
        ca1_0.state,
        ca1_0.updated_at,
        ca1_0.user_id 
    from
        customer_address ca1_0 
    join
        app_user u1_0 
            on u1_0.id=ca1_0.user_id 
    where
        u1_0.id=? 
    order by
        ca1_0.is_default desc,
        ca1_0.created_at desc
Hibernate: 
    select
        ca1_0.id,
        ca1_0.city,
        ca1_0.created_at,
        ca1_0.is_default,
        ca1_0.label,
        ca1_0.line1,
        ca1_0.line2,
        ca1_0.phone,
        ca1_0.postal_code,
        ca1_0.recipient_name,
        ca1_0.state,
        ca1_0.updated_at,
        ca1_0.user_id 
    from
        customer_address ca1_0 
    join
        app_user u1_0 
            on u1_0.id=ca1_0.user_id 
    where
        u1_0.id=? 
    order by
        ca1_0.is_default desc,
        ca1_0.created_at desc
2026-08-29T08:01:16.926+03:00 DEBUG 17212 --- [karvya-store] [cat-handler-113] org.hibernate.SQL                        : 
    select
        au1_0.id,
        au1_0.created_at,
        au1_0.email,
        au1_0.email_normalized,
        au1_0.email_verified_at,
        au1_0.enabled,
        au1_0.failed_attempts,
        au1_0.full_name,
        au1_0.last_login_at,
        au1_0.locked_until,
        au1_0.must_change_password,
        au1_0.password_hash,
        au1_0.phone,
        r1_0.user_id,
        r1_1.id,
        r1_1.code,
        r1_1.created_at,
        r1_1.label,
        au1_0.updated_at,
        au1_0.updated_by,
        au1_0.version 
    from
        app_user au1_0 
    left join
        user_role r1_0 
            on au1_0.id=r1_0.user_id 
    left join
        role r1_1 
            on r1_1.id=r1_0.role_id 
    where
        au1_0.id=?
Hibernate: 
    select
        au1_0.id,
        au1_0.created_at,
        au1_0.email,
        au1_0.email_normalized,
        au1_0.email_verified_at,
        au1_0.enabled,
        au1_0.failed_attempts,
        au1_0.full_name,
        au1_0.last_login_at,
        au1_0.locked_until,
        au1_0.must_change_password,
        au1_0.password_hash,
        au1_0.phone,
        r1_0.user_id,
        r1_1.id,
        r1_1.code,
        r1_1.created_at,
        r1_1.label,
        au1_0.updated_at,
        au1_0.updated_by,
        au1_0.version 
    from
        app_user au1_0 
    left join
        user_role r1_0 
            on au1_0.id=r1_0.user_id 
    left join
        role r1_1 
            on r1_1.id=r1_0.role_id 
    where
        au1_0.id=?
2026-08-29T08:01:17.059+03:00 DEBUG 17212 --- [karvya-store] [cat-handler-114] org.hibernate.SQL                        : 
    select
        c1_0.id,
        c1_0.created_at,
        i1_0.cart_id,
        i1_0.id,
        i1_0.added_at,
        i1_0.product_id,
        p1_0.id,
        p1_0.care_instructions,
        p1_0.category_id,
        c3_0.id,
        c3_0.active,
        c3_0.created_at,
        c3_0.description,
        c3_0.display_order,
        c3_0.image_key,
        c3_0.name,
        c3_0.slug,
        c3_0.updated_at,
        c3_0.updated_by,
        p1_0.colour,
        p1_0.created_at,
        p1_0.description,
        p1_0.dimensions,
        p1_0.featured,
        p1_0.low_stock_threshold,
        p1_0.material,
        p1_0.name,
        p1_0.placeholder_content,
        p1_0.price,
        p1_0.short_description,
        p1_0.sku,
        p1_0.slug,
        p1_0.status,
        p1_0.stock_quantity,
        p1_0.updated_at,
        p1_0.updated_by,
        p1_0.version,
        i1_0.quantity,
        c1_0.updated_at,
        c1_0.user_id 
    from
        cart c1_0 
    join
        app_user u1_0 
            on u1_0.id=c1_0.user_id 
    left join
        cart_item i1_0 
            on c1_0.id=i1_0.cart_id 
    left join
        product p1_0 
            on p1_0.id=i1_0.product_id 
    left join
        category c3_0 
            on c3_0.id=p1_0.category_id 
    where
        u1_0.id=? 
    order by
        i1_0.added_at,
        i1_0.id
Hibernate: 
    select
        c1_0.id,
        c1_0.created_at,
        i1_0.cart_id,
        i1_0.id,
        i1_0.added_at,
        i1_0.product_id,
        p1_0.id,
        p1_0.care_instructions,
        p1_0.category_id,
        c3_0.id,
        c3_0.active,
        c3_0.created_at,
        c3_0.description,
        c3_0.display_order,
        c3_0.image_key,
        c3_0.name,
        c3_0.slug,
        c3_0.updated_at,
        c3_0.updated_by,
        p1_0.colour,
        p1_0.created_at,
        p1_0.description,
        p1_0.dimensions,
        p1_0.featured,
        p1_0.low_stock_threshold,
        p1_0.material,
        p1_0.name,
        p1_0.placeholder_content,
        p1_0.price,
        p1_0.short_description,
        p1_0.sku,
        p1_0.slug,
        p1_0.status,
        p1_0.stock_quantity,
        p1_0.updated_at,
        p1_0.updated_by,
        p1_0.version,
        i1_0.quantity,
        c1_0.updated_at,
        c1_0.user_id 
    from
        cart c1_0 
    join
        app_user u1_0 
            on u1_0.id=c1_0.user_id 
    left join
        cart_item i1_0 
            on c1_0.id=i1_0.cart_id 
    left join
        product p1_0 
            on p1_0.id=i1_0.product_id 
    left join
        category c3_0 
            on c3_0.id=p1_0.category_id 
    where
        u1_0.id=? 
    order by
        i1_0.added_at,
        i1_0.id
2026-08-29T08:01:17.073+03:00 DEBUG 17212 --- [karvya-store] [cat-handler-114] org.hibernate.SQL                        : 
    select
        p1_0.id,
        p1_0.care_instructions,
        p1_0.category_id,
        c1_0.id,
        c1_0.active,
        c1_0.created_at,
        c1_0.description,
        c1_0.display_order,
        c1_0.image_key,
        c1_0.name,
        c1_0.slug,
        c1_0.updated_at,
        c1_0.updated_by,
        p1_0.colour,
        p1_0.created_at,
        p1_0.description,
        p1_0.dimensions,
        p1_0.featured,
        i1_0.product_id,
        i1_0.id,
        i1_0.alt_text,
        i1_0.bytes,
        i1_0.content_type,
        i1_0.created_at,
        i1_0.display_order,
        i1_0.height,
        i1_0.is_primary,
        i1_0.storage_key,
        i1_0.width,
        p1_0.low_stock_threshold,
        p1_0.material,
        p1_0.name,
        p1_0.placeholder_content,
        p1_0.price,
        p1_0.short_description,
        p1_0.sku,
        p1_0.slug,
        p1_0.status,
        p1_0.stock_quantity,
        p1_0.updated_at,
        p1_0.updated_by,
        p1_0.version 
    from
        product p1_0 
    join
        category c1_0 
            on c1_0.id=p1_0.category_id 
    left join
        product_image i1_0 
            on p1_0.id=i1_0.product_id 
    where
        p1_0.id in (?) 
    order by
        i1_0.display_order,
        i1_0.id
Hibernate: 
    select
        p1_0.id,
        p1_0.care_instructions,
        p1_0.category_id,
        c1_0.id,
        c1_0.active,
        c1_0.created_at,
        c1_0.description,
        c1_0.display_order,
        c1_0.image_key,
        c1_0.name,
        c1_0.slug,
        c1_0.updated_at,
        c1_0.updated_by,
        p1_0.colour,
        p1_0.created_at,
        p1_0.description,
        p1_0.dimensions,
        p1_0.featured,
        i1_0.product_id,
        i1_0.id,
        i1_0.alt_text,
        i1_0.bytes,
        i1_0.content_type,
        i1_0.created_at,
        i1_0.display_order,
        i1_0.height,
        i1_0.is_primary,
        i1_0.storage_key,
        i1_0.width,
        p1_0.low_stock_threshold,
        p1_0.material,
        p1_0.name,
        p1_0.placeholder_content,
        p1_0.price,
        p1_0.short_description,
        p1_0.sku,
        p1_0.slug,
        p1_0.status,
        p1_0.stock_quantity,
        p1_0.updated_at,
        p1_0.updated_by,
        p1_0.version 
    from
        product p1_0 
    join
        category c1_0 
            on c1_0.id=p1_0.category_id 
    left join
        product_image i1_0 
            on p1_0.id=i1_0.product_id 
    where
        p1_0.id in (?) 
    order by
        i1_0.display_order,
        i1_0.id
2026-08-29T08:01:17.967+03:00 DEBUG 17212 --- [karvya-store] [cat-handler-115] org.hibernate.SQL                        : 
    select
        pm1_0.id,
        pm1_0.active,
        pm1_0.code,
        pm1_0.created_at,
        pm1_0.display_order,
        pm1_0.instructions,
        pm1_0.label,
        pm1_0.updated_at,
        pm1_0.updated_by 
    from
        payment_method pm1_0 
    where
        pm1_0.active 
    order by
        pm1_0.display_order,
        pm1_0.label
Hibernate: 
    select
        pm1_0.id,
        pm1_0.active,
        pm1_0.code,
        pm1_0.created_at,
        pm1_0.display_order,
        pm1_0.instructions,
        pm1_0.label,
        pm1_0.updated_at,
        pm1_0.updated_by 
    from
        payment_method pm1_0 
    where
        pm1_0.active 
    order by
        pm1_0.display_order,
        pm1_0.label
2026-08-29T08:01:17.968+03:00 DEBUG 17212 --- [karvya-store] [cat-handler-116] org.hibernate.SQL                        : 
    select
        ca1_0.id,
        ca1_0.city,
        ca1_0.created_at,
        ca1_0.is_default,
        ca1_0.label,
        ca1_0.line1,
        ca1_0.line2,
        ca1_0.phone,
        ca1_0.postal_code,
        ca1_0.recipient_name,
        ca1_0.state,
        ca1_0.updated_at,
        ca1_0.user_id 
    from
        customer_address ca1_0 
    join
        app_user u1_0 
            on u1_0.id=ca1_0.user_id 
    where
        u1_0.id=? 
    order by
        ca1_0.is_default desc,
        ca1_0.created_at desc
Hibernate: 
    select
        ca1_0.id,
        ca1_0.city,
        ca1_0.created_at,
        ca1_0.is_default,
        ca1_0.label,
        ca1_0.line1,
        ca1_0.line2,
        ca1_0.phone,
        ca1_0.postal_code,
        ca1_0.recipient_name,
        ca1_0.state,
        ca1_0.updated_at,
        ca1_0.user_id 
    from
        customer_address ca1_0 
    join
        app_user u1_0 
            on u1_0.id=ca1_0.user_id 
    where
        u1_0.id=? 
    order by
        ca1_0.is_default desc,
        ca1_0.created_at desc
2026-08-29T08:01:19.500+03:00 DEBUG 17212 --- [karvya-store] [cat-handler-117] org.hibernate.SQL                        : 
    select
        pm1_0.id,
        pm1_0.active,
        pm1_0.code,
        pm1_0.created_at,
        pm1_0.display_order,
        pm1_0.instructions,
        pm1_0.label,
        pm1_0.updated_at,
        pm1_0.updated_by 
    from
        payment_method pm1_0 
    where
        pm1_0.code=? 
        and pm1_0.active
Hibernate: 
    select
        pm1_0.id,
        pm1_0.active,
        pm1_0.code,
        pm1_0.created_at,
        pm1_0.display_order,
        pm1_0.instructions,
        pm1_0.label,
        pm1_0.updated_at,
        pm1_0.updated_by 
    from
        payment_method pm1_0 
    where
        pm1_0.code=? 
        and pm1_0.active
2026-08-29T08:01:19.506+03:00 DEBUG 17212 --- [karvya-store] [cat-handler-117] org.hibernate.SQL                        : 
    select
        p1_0.id,
        p1_0.care_instructions,
        p1_0.category_id,
        p1_0.colour,
        p1_0.created_at,
        p1_0.description,
        p1_0.dimensions,
        p1_0.featured,
        p1_0.low_stock_threshold,
        p1_0.material,
        p1_0.name,
        p1_0.placeholder_content,
        p1_0.price,
        p1_0.short_description,
        p1_0.sku,
        p1_0.slug,
        p1_0.status,
        p1_0.stock_quantity,
        p1_0.updated_at,
        p1_0.updated_by,
        p1_0.version 
    from
        product p1_0 
    where
        p1_0.id in (?) 
    order by
        p1_0.id for no key update
Hibernate: 
    select
        p1_0.id,
        p1_0.care_instructions,
        p1_0.category_id,
        p1_0.colour,
        p1_0.created_at,
        p1_0.description,
        p1_0.dimensions,
        p1_0.featured,
        p1_0.low_stock_threshold,
        p1_0.material,
        p1_0.name,
        p1_0.placeholder_content,
        p1_0.price,
        p1_0.short_description,
        p1_0.sku,
        p1_0.slug,
        p1_0.status,
        p1_0.stock_quantity,
        p1_0.updated_at,
        p1_0.updated_by,
        p1_0.version 
    from
        product p1_0 
    where
        p1_0.id in (?) 
    order by
        p1_0.id for no key update
2026-08-29T08:01:19.514+03:00 DEBUG 17212 --- [karvya-store] [cat-handler-117] org.hibernate.SQL                        : 
    select
        co1_0.id 
    from
        customer_order co1_0 
    where
        co1_0.order_number=? 
    fetch
        first ? rows only
Hibernate: 
    select
        co1_0.id 
    from
        customer_order co1_0 
    where
        co1_0.order_number=? 
    fetch
        first ? rows only
2026-08-29T08:01:19.518+03:00 DEBUG 17212 --- [karvya-store] [cat-handler-117] org.hibernate.SQL                        : 
    select
        au1_0.id,
        au1_0.created_at,
        au1_0.email,
        au1_0.email_normalized,
        au1_0.email_verified_at,
        au1_0.enabled,
        au1_0.failed_attempts,
        au1_0.full_name,
        au1_0.last_login_at,
        au1_0.locked_until,
        au1_0.must_change_password,
        au1_0.password_hash,
        au1_0.phone,
        r1_0.user_id,
        r1_1.id,
        r1_1.code,
        r1_1.created_at,
        r1_1.label,
        au1_0.updated_at,
        au1_0.updated_by,
        au1_0.version 
    from
        app_user au1_0 
    left join
        user_role r1_0 
            on au1_0.id=r1_0.user_id 
    left join
        role r1_1 
            on r1_1.id=r1_0.role_id 
    where
        au1_0.id=?
Hibernate: 
    select
        au1_0.id,
        au1_0.created_at,
        au1_0.email,
        au1_0.email_normalized,
        au1_0.email_verified_at,
        au1_0.enabled,
        au1_0.failed_attempts,
        au1_0.full_name,
        au1_0.last_login_at,
        au1_0.locked_until,
        au1_0.must_change_password,
        au1_0.password_hash,
        au1_0.phone,
        r1_0.user_id,
        r1_1.id,
        r1_1.code,
        r1_1.created_at,
        r1_1.label,
        au1_0.updated_at,
        au1_0.updated_by,
        au1_0.version 
    from
        app_user au1_0 
    left join
        user_role r1_0 
            on au1_0.id=r1_0.user_id 
    left join
        role r1_1 
            on r1_1.id=r1_0.role_id 
    where
        au1_0.id=?
2026-08-29T08:01:19.524+03:00 DEBUG 17212 --- [karvya-store] [cat-handler-117] org.hibernate.SQL                        : 
    select
        i1_0.product_id,
        i1_0.id,
        i1_0.alt_text,
        i1_0.bytes,
        i1_0.content_type,
        i1_0.created_at,
        i1_0.display_order,
        i1_0.height,
        i1_0.is_primary,
        i1_0.storage_key,
        i1_0.width 
    from
        product_image i1_0 
    where
        i1_0.product_id=? 
    order by
        i1_0.display_order,
        i1_0.id
Hibernate: 
    select
        i1_0.product_id,
        i1_0.id,
        i1_0.alt_text,
        i1_0.bytes,
        i1_0.content_type,
        i1_0.created_at,
        i1_0.display_order,
        i1_0.height,
        i1_0.is_primary,
        i1_0.storage_key,
        i1_0.width 
    from
        product_image i1_0 
    where
        i1_0.product_id=? 
    order by
        i1_0.display_order,
        i1_0.id
2026-08-29T08:01:19.529+03:00 DEBUG 17212 --- [karvya-store] [cat-handler-117] org.hibernate.SQL                        : 
    insert 
    into
        customer_order
        (access_token_hash, address_line1, address_line2, city, created_at, currency, customer_comments, delivery_charge, delivery_email, delivery_name, delivery_notes, delivery_phone, internal_notes, order_number, payment_method_code, payment_status, placed_at, postal_code, state, status, stock_restored_at, subtotal, total, updated_at, updated_by, user_id, version) 
    values
        (?, ?, ?, ?, ?, ?, ?, ?, ?, ?, ?, ?, ?, ?, ?, ?, ?, ?, ?, ?, ?, ?, ?, ?, ?, ?, ?)
Hibernate: 
    insert 
    into
        customer_order
        (access_token_hash, address_line1, address_line2, city, created_at, currency, customer_comments, delivery_charge, delivery_email, delivery_name, delivery_notes, delivery_phone, internal_notes, order_number, payment_method_code, payment_status, placed_at, postal_code, state, status, stock_restored_at, subtotal, total, updated_at, updated_by, user_id, version) 
    values
        (?, ?, ?, ?, ?, ?, ?, ?, ?, ?, ?, ?, ?, ?, ?, ?, ?, ?, ?, ?, ?, ?, ?, ?, ?, ?, ?)
2026-08-29T08:01:19.535+03:00 DEBUG 17212 --- [karvya-store] [cat-handler-117] org.hibernate.SQL                        : 
    insert 
    into
        order_status_history
        (changed_at, changed_by, field, from_value, note, order_id, to_value) 
    values
        (?, ?, ?, ?, ?, ?, ?)
Hibernate: 
    insert 
    into
        order_status_history
        (changed_at, changed_by, field, from_value, note, order_id, to_value) 
    values
        (?, ?, ?, ?, ?, ?, ?)
2026-08-29T08:01:19.540+03:00 DEBUG 17212 --- [karvya-store] [cat-handler-117] org.hibernate.SQL                        : 
    insert 
    into
        order_item
        (image_key, line_total, order_id, product_id, product_name, product_sku, quantity, unit_price) 
    values
        (?, ?, ?, ?, ?, ?, ?, ?)
Hibernate: 
    insert 
    into
        order_item
        (image_key, line_total, order_id, product_id, product_name, product_sku, quantity, unit_price) 
    values
        (?, ?, ?, ?, ?, ?, ?, ?)
2026-08-29T08:01:19.549+03:00 DEBUG 17212 --- [karvya-store] [cat-handler-117] org.hibernate.SQL                        : 
    update
        product 
    set
        care_instructions=?,
        category_id=?,
        colour=?,
        description=?,
        dimensions=?,
        featured=?,
        low_stock_threshold=?,
        material=?,
        name=?,
        placeholder_content=?,
        price=?,
        short_description=?,
        sku=?,
        slug=?,
        status=?,
        stock_quantity=?,
        updated_at=?,
        updated_by=?,
        version=? 
    where
        id=? 
        and version=?
Hibernate: 
    update
        product 
    set
        care_instructions=?,
        category_id=?,
        colour=?,
        description=?,
        dimensions=?,
        featured=?,
        low_stock_threshold=?,
        material=?,
        name=?,
        placeholder_content=?,
        price=?,
        short_description=?,
        sku=?,
        slug=?,
        status=?,
        stock_quantity=?,
        updated_at=?,
        updated_by=?,
        version=? 
    where
        id=? 
        and version=?
2026-08-29T08:01:19.554+03:00 DEBUG 17212 --- [karvya-store] [cat-handler-117] org.hibernate.SQL                        : 
    insert 
    into
        email_notification
        (attempts, created_at, last_attempt_at, last_error, next_attempt_at, payload, recipient, related_order_id, sent_at, status, subject, type) 
    values
        (?, ?, ?, ?, ?, ?, ?, ?, ?, ?, ?, ?)
Hibernate: 
    insert 
    into
        email_notification
        (attempts, created_at, last_attempt_at, last_error, next_attempt_at, payload, recipient, related_order_id, sent_at, status, subject, type) 
    values
        (?, ?, ?, ?, ?, ?, ?, ?, ?, ?, ?, ?)
2026-08-29T08:01:19.560+03:00 DEBUG 17212 --- [karvya-store] [cat-handler-117] org.hibernate.SQL                        : 
    insert 
    into
        email_notification
        (attempts, created_at, last_attempt_at, last_error, next_attempt_at, payload, recipient, related_order_id, sent_at, status, subject, type) 
    values
        (?, ?, ?, ?, ?, ?, ?, ?, ?, ?, ?, ?)
Hibernate: 
    insert 
    into
        email_notification
        (attempts, created_at, last_attempt_at, last_error, next_attempt_at, payload, recipient, related_order_id, sent_at, status, subject, type) 
    values
        (?, ?, ?, ?, ?, ?, ?, ?, ?, ?, ?, ?)
2026-08-29T08:01:19.568+03:00 DEBUG 17212 --- [karvya-store] [cat-handler-117] org.hibernate.SQL                        : 
    select
        c1_0.id,
        c1_0.created_at,
        i1_0.cart_id,
        i1_0.id,
        i1_0.added_at,
        i1_0.product_id,
        p1_0.id,
        p1_0.care_instructions,
        p1_0.category_id,
        c3_0.id,
        c3_0.active,
        c3_0.created_at,
        c3_0.description,
        c3_0.display_order,
        c3_0.image_key,
        c3_0.name,
        c3_0.slug,
        c3_0.updated_at,
        c3_0.updated_by,
        p1_0.colour,
        p1_0.created_at,
        p1_0.description,
        p1_0.dimensions,
        p1_0.featured,
        p1_0.low_stock_threshold,
        p1_0.material,
        p1_0.name,
        p1_0.placeholder_content,
        p1_0.price,
        p1_0.short_description,
        p1_0.sku,
        p1_0.slug,
        p1_0.status,
        p1_0.stock_quantity,
        p1_0.updated_at,
        p1_0.updated_by,
        p1_0.version,
        i1_0.quantity,
        c1_0.updated_at,
        c1_0.user_id 
    from
        cart c1_0 
    join
        app_user u1_0 
            on u1_0.id=c1_0.user_id 
    left join
        cart_item i1_0 
            on c1_0.id=i1_0.cart_id 
    left join
        product p1_0 
            on p1_0.id=i1_0.product_id 
    left join
        category c3_0 
            on c3_0.id=p1_0.category_id 
    where
        u1_0.id=? 
    order by
        i1_0.added_at,
        i1_0.id
Hibernate: 
    select
        c1_0.id,
        c1_0.created_at,
        i1_0.cart_id,
        i1_0.id,
        i1_0.added_at,
        i1_0.product_id,
        p1_0.id,
        p1_0.care_instructions,
        p1_0.category_id,
        c3_0.id,
        c3_0.active,
        c3_0.created_at,
        c3_0.description,
        c3_0.display_order,
        c3_0.image_key,
        c3_0.name,
        c3_0.slug,
        c3_0.updated_at,
        c3_0.updated_by,
        p1_0.colour,
        p1_0.created_at,
        p1_0.description,
        p1_0.dimensions,
        p1_0.featured,
        p1_0.low_stock_threshold,
        p1_0.material,
        p1_0.name,
        p1_0.placeholder_content,
        p1_0.price,
        p1_0.short_description,
        p1_0.sku,
        p1_0.slug,
        p1_0.status,
        p1_0.stock_quantity,
        p1_0.updated_at,
        p1_0.updated_by,
        p1_0.version,
        i1_0.quantity,
        c1_0.updated_at,
        c1_0.user_id 
    from
        cart c1_0 
    join
        app_user u1_0 
            on u1_0.id=c1_0.user_id 
    left join
        cart_item i1_0 
            on c1_0.id=i1_0.cart_id 
    left join
        product p1_0 
            on p1_0.id=i1_0.product_id 
    left join
        category c3_0 
            on c3_0.id=p1_0.category_id 
    where
        u1_0.id=? 
    order by
        i1_0.added_at,
        i1_0.id
2026-08-29T08:01:19.575+03:00  INFO 17212 --- [karvya-store] [cat-handler-117] c.k.s.a.order.PlaceOrderService          : Order KV-260829-XVP4 placed with 1 lines, total 950.00
2026-08-29T08:01:19.585+03:00 DEBUG 17212 --- [karvya-store] [cat-handler-117] org.hibernate.SQL                        : 
    update
        cart 
    set
        updated_at=?,
        user_id=? 
    where
        id=?
Hibernate: 
    update
        cart 
    set
        updated_at=?,
        user_id=? 
    where
        id=?
2026-08-29T08:01:19.596+03:00 DEBUG 17212 --- [karvya-store] [cat-handler-117] org.hibernate.SQL                        : 
    delete 
    from
        cart_item 
    where
        id=?
Hibernate: 
    delete 
    from
        cart_item 
    where
        id=?
2026-08-29T08:01:19.901+03:00 DEBUG 17212 --- [karvya-store] [cat-handler-118] org.hibernate.SQL                        : 
    select
        co1_0.id,
        co1_0.access_token_hash,
        co1_0.address_line1,
        co1_0.address_line2,
        co1_0.city,
        co1_0.created_at,
        co1_0.currency,
        co1_0.customer_comments,
        co1_0.delivery_charge,
        co1_0.delivery_email,
        co1_0.delivery_name,
        co1_0.delivery_notes,
        co1_0.delivery_phone,
        co1_0.internal_notes,
        i1_0.order_id,
        i1_0.id,
        i1_0.image_key,
        i1_0.line_total,
        i1_0.product_id,
        i1_0.product_name,
        i1_0.product_sku,
        i1_0.quantity,
        i1_0.unit_price,
        co1_0.order_number,
        co1_0.payment_method_code,
        co1_0.payment_status,
        co1_0.placed_at,
        co1_0.postal_code,
        co1_0.state,
        co1_0.status,
        co1_0.stock_restored_at,
        co1_0.subtotal,
        co1_0.total,
        co1_0.updated_at,
        co1_0.updated_by,
        co1_0.user_id,
        co1_0.version 
    from
        customer_order co1_0 
    left join
        order_item i1_0 
            on co1_0.id=i1_0.order_id 
    where
        co1_0.order_number=? 
    order by
        i1_0.id
Hibernate: 
    select
        co1_0.id,
        co1_0.access_token_hash,
        co1_0.address_line1,
        co1_0.address_line2,
        co1_0.city,
        co1_0.created_at,
        co1_0.currency,
        co1_0.customer_comments,
        co1_0.delivery_charge,
        co1_0.delivery_email,
        co1_0.delivery_name,
        co1_0.delivery_notes,
        co1_0.delivery_phone,
        co1_0.internal_notes,
        i1_0.order_id,
        i1_0.id,
        i1_0.image_key,
        i1_0.line_total,
        i1_0.product_id,
        i1_0.product_name,
        i1_0.product_sku,
        i1_0.quantity,
        i1_0.unit_price,
        co1_0.order_number,
        co1_0.payment_method_code,
        co1_0.payment_status,
        co1_0.placed_at,
        co1_0.postal_code,
        co1_0.state,
        co1_0.status,
        co1_0.stock_restored_at,
        co1_0.subtotal,
        co1_0.total,
        co1_0.updated_at,
        co1_0.updated_by,
        co1_0.user_id,
        co1_0.version 
    from
        customer_order co1_0 
    left join
        order_item i1_0 
            on co1_0.id=i1_0.order_id 
    where
        co1_0.order_number=? 
    order by
        i1_0.id
2026-08-29T08:01:19.906+03:00 DEBUG 17212 --- [karvya-store] [cat-handler-118] org.hibernate.SQL                        : 
    select
        pm1_0.id,
        pm1_0.active,
        pm1_0.code,
        pm1_0.created_at,
        pm1_0.display_order,
        pm1_0.instructions,
        pm1_0.label,
        pm1_0.updated_at,
        pm1_0.updated_by 
    from
        payment_method pm1_0 
    where
        pm1_0.code=?
Hibernate: 
    select
        pm1_0.id,
        pm1_0.active,
        pm1_0.code,
        pm1_0.created_at,
        pm1_0.display_order,
        pm1_0.instructions,
        pm1_0.label,
        pm1_0.updated_at,
        pm1_0.updated_by 
    from
        payment_method pm1_0 
    where
        pm1_0.code=?
2026-08-29T08:01:19.910+03:00 DEBUG 17212 --- [karvya-store] [cat-handler-118] org.hibernate.SQL                        : 
    select
        p1_0.id,
        p1_0.care_instructions,
        p1_0.category_id,
        p1_0.colour,
        p1_0.created_at,
        p1_0.description,
        p1_0.dimensions,
        p1_0.featured,
        p1_0.low_stock_threshold,
        p1_0.material,
        p1_0.name,
        p1_0.placeholder_content,
        p1_0.price,
        p1_0.short_description,
        p1_0.sku,
        p1_0.slug,
        p1_0.status,
        p1_0.stock_quantity,
        p1_0.updated_at,
        p1_0.updated_by,
        p1_0.version 
    from
        product p1_0 
    where
        p1_0.id=?
Hibernate: 
    select
        p1_0.id,
        p1_0.care_instructions,
        p1_0.category_id,
        p1_0.colour,
        p1_0.created_at,
        p1_0.description,
        p1_0.dimensions,
        p1_0.featured,
        p1_0.low_stock_threshold,
        p1_0.material,
        p1_0.name,
        p1_0.placeholder_content,
        p1_0.price,
        p1_0.short_description,
        p1_0.sku,
        p1_0.slug,
        p1_0.status,
        p1_0.stock_quantity,
        p1_0.updated_at,
        p1_0.updated_by,
        p1_0.version 
    from
        product p1_0 
    where
        p1_0.id=?
2026-08-29T08:01:19.914+03:00 DEBUG 17212 --- [karvya-store] [cat-handler-118] org.hibernate.SQL                        : 
    select
        h1_0.order_id,
        h1_0.id,
        h1_0.changed_at,
        h1_0.changed_by,
        h1_0.field,
        h1_0.from_value,
        h1_0.note,
        h1_0.to_value 
    from
        order_status_history h1_0 
    where
        h1_0.order_id=? 
    order by
        h1_0.changed_at,
        h1_0.id
Hibernate: 
    select
        h1_0.order_id,
        h1_0.id,
        h1_0.changed_at,
        h1_0.changed_by,
        h1_0.field,
        h1_0.from_value,
        h1_0.note,
        h1_0.to_value 
    from
        order_status_history h1_0 
    where
        h1_0.order_id=? 
    order by
        h1_0.changed_at,
        h1_0.id
2026-08-29T08:01:20.016+03:00 DEBUG 17212 --- [karvya-store] [cat-handler-119] org.hibernate.SQL                        : 
    select
        c1_0.id,
        c1_0.created_at,
        i1_0.cart_id,
        i1_0.id,
        i1_0.added_at,
        i1_0.product_id,
        p1_0.id,
        p1_0.care_instructions,
        p1_0.category_id,
        c3_0.id,
        c3_0.active,
        c3_0.created_at,
        c3_0.description,
        c3_0.display_order,
        c3_0.image_key,
        c3_0.name,
        c3_0.slug,
        c3_0.updated_at,
        c3_0.updated_by,
        p1_0.colour,
        p1_0.created_at,
        p1_0.description,
        p1_0.dimensions,
        p1_0.featured,
        p1_0.low_stock_threshold,
        p1_0.material,
        p1_0.name,
        p1_0.placeholder_content,
        p1_0.price,
        p1_0.short_description,
        p1_0.sku,
        p1_0.slug,
        p1_0.status,
        p1_0.stock_quantity,
        p1_0.updated_at,
        p1_0.updated_by,
        p1_0.version,
        i1_0.quantity,
        c1_0.updated_at,
        c1_0.user_id 
    from
        cart c1_0 
    join
        app_user u1_0 
            on u1_0.id=c1_0.user_id 
    left join
        cart_item i1_0 
            on c1_0.id=i1_0.cart_id 
    left join
        product p1_0 
            on p1_0.id=i1_0.product_id 
    left join
        category c3_0 
            on c3_0.id=p1_0.category_id 
    where
        u1_0.id=? 
    order by
        i1_0.added_at,
        i1_0.id
Hibernate: 
    select
        c1_0.id,
        c1_0.created_at,
        i1_0.cart_id,
        i1_0.id,
        i1_0.added_at,
        i1_0.product_id,
        p1_0.id,
        p1_0.care_instructions,
        p1_0.category_id,
        c3_0.id,
        c3_0.active,
        c3_0.created_at,
        c3_0.description,
        c3_0.display_order,
        c3_0.image_key,
        c3_0.name,
        c3_0.slug,
        c3_0.updated_at,
        c3_0.updated_by,
        p1_0.colour,
        p1_0.created_at,
        p1_0.description,
        p1_0.dimensions,
        p1_0.featured,
        p1_0.low_stock_threshold,
        p1_0.material,
        p1_0.name,
        p1_0.placeholder_content,
        p1_0.price,
        p1_0.short_description,
        p1_0.sku,
        p1_0.slug,
        p1_0.status,
        p1_0.stock_quantity,
        p1_0.updated_at,
        p1_0.updated_by,
        p1_0.version,
        i1_0.quantity,
        c1_0.updated_at,
        c1_0.user_id 
    from
        cart c1_0 
    join
        app_user u1_0 
            on u1_0.id=c1_0.user_id 
    left join
        cart_item i1_0 
            on c1_0.id=i1_0.cart_id 
    left join
        product p1_0 
            on p1_0.id=i1_0.product_id 
    left join
        category c3_0 
            on c3_0.id=p1_0.category_id 
    where
        u1_0.id=? 
    order by
        i1_0.added_at,
        i1_0.id
2026-08-29T08:01:20.023+03:00 DEBUG 17212 --- [karvya-store] [cat-handler-119] org.hibernate.SQL                        : 
    update
        cart 
    set
        updated_at=?,
        user_id=? 
    where
        id=?
Hibernate: 
    update
        cart 
    set
        updated_at=?,
        user_id=? 
    where
        id=?
2026-08-29T08:01:20.625+03:00 DEBUG 17212 --- [karvya-store] [cat-handler-120] org.hibernate.SQL                        : 
    select
        au1_0.id,
        au1_0.created_at,
        au1_0.email,
        au1_0.email_normalized,
        au1_0.email_verified_at,
        au1_0.enabled,
        au1_0.failed_attempts,
        au1_0.full_name,
        au1_0.last_login_at,
        au1_0.locked_until,
        au1_0.must_change_password,
        au1_0.password_hash,
        au1_0.phone,
        r1_0.user_id,
        r1_1.id,
        r1_1.code,
        r1_1.created_at,
        r1_1.label,
        au1_0.updated_at,
        au1_0.updated_by,
        au1_0.version 
    from
        app_user au1_0 
    left join
        user_role r1_0 
            on au1_0.id=r1_0.user_id 
    left join
        role r1_1 
            on r1_1.id=r1_0.role_id 
    where
        au1_0.id=?
Hibernate: 
    select
        au1_0.id,
        au1_0.created_at,
        au1_0.email,
        au1_0.email_normalized,
        au1_0.email_verified_at,
        au1_0.enabled,
        au1_0.failed_attempts,
        au1_0.full_name,
        au1_0.last_login_at,
        au1_0.locked_until,
        au1_0.must_change_password,
        au1_0.password_hash,
        au1_0.phone,
        r1_0.user_id,
        r1_1.id,
        r1_1.code,
        r1_1.created_at,
        r1_1.label,
        au1_0.updated_at,
        au1_0.updated_by,
        au1_0.version 
    from
        app_user au1_0 
    left join
        user_role r1_0 
            on au1_0.id=r1_0.user_id 
    left join
        role r1_1 
            on r1_1.id=r1_0.role_id 
    where
        au1_0.id=?
2026-08-29T08:01:20.722+03:00 DEBUG 17212 --- [karvya-store] [cat-handler-121] org.hibernate.SQL                        : 
    select
        c1_0.id,
        c1_0.created_at,
        i1_0.cart_id,
        i1_0.id,
        i1_0.added_at,
        i1_0.product_id,
        p1_0.id,
        p1_0.care_instructions,
        p1_0.category_id,
        c3_0.id,
        c3_0.active,
        c3_0.created_at,
        c3_0.description,
        c3_0.display_order,
        c3_0.image_key,
        c3_0.name,
        c3_0.slug,
        c3_0.updated_at,
        c3_0.updated_by,
        p1_0.colour,
        p1_0.created_at,
        p1_0.description,
        p1_0.dimensions,
        p1_0.featured,
        p1_0.low_stock_threshold,
        p1_0.material,
        p1_0.name,
        p1_0.placeholder_content,
        p1_0.price,
        p1_0.short_description,
        p1_0.sku,
        p1_0.slug,
        p1_0.status,
        p1_0.stock_quantity,
        p1_0.updated_at,
        p1_0.updated_by,
        p1_0.version,
        i1_0.quantity,
        c1_0.updated_at,
        c1_0.user_id 
    from
        cart c1_0 
    join
        app_user u1_0 
            on u1_0.id=c1_0.user_id 
    left join
        cart_item i1_0 
            on c1_0.id=i1_0.cart_id 
    left join
        product p1_0 
            on p1_0.id=i1_0.product_id 
    left join
        category c3_0 
            on c3_0.id=p1_0.category_id 
    where
        u1_0.id=? 
    order by
        i1_0.added_at,
        i1_0.id
Hibernate: 
    select
        c1_0.id,
        c1_0.created_at,
        i1_0.cart_id,
        i1_0.id,
        i1_0.added_at,
        i1_0.product_id,
        p1_0.id,
        p1_0.care_instructions,
        p1_0.category_id,
        c3_0.id,
        c3_0.active,
        c3_0.created_at,
        c3_0.description,
        c3_0.display_order,
        c3_0.image_key,
        c3_0.name,
        c3_0.slug,
        c3_0.updated_at,
        c3_0.updated_by,
        p1_0.colour,
        p1_0.created_at,
        p1_0.description,
        p1_0.dimensions,
        p1_0.featured,
        p1_0.low_stock_threshold,
        p1_0.material,
        p1_0.name,
        p1_0.placeholder_content,
        p1_0.price,
        p1_0.short_description,
        p1_0.sku,
        p1_0.slug,
        p1_0.status,
        p1_0.stock_quantity,
        p1_0.updated_at,
        p1_0.updated_by,
        p1_0.version,
        i1_0.quantity,
        c1_0.updated_at,
        c1_0.user_id 
    from
        cart c1_0 
    join
        app_user u1_0 
            on u1_0.id=c1_0.user_id 
    left join
        cart_item i1_0 
            on c1_0.id=i1_0.cart_id 
    left join
        product p1_0 
            on p1_0.id=i1_0.product_id 
    left join
        category c3_0 
            on c3_0.id=p1_0.category_id 
    where
        u1_0.id=? 
    order by
        i1_0.added_at,
        i1_0.id
2026-08-29T08:01:20.846+03:00 DEBUG 17212 --- [karvya-store] [cat-handler-122] org.hibernate.SQL                        : 
    select
        au1_0.id,
        au1_0.created_at,
        au1_0.email,
        au1_0.email_normalized,
        au1_0.email_verified_at,
        au1_0.enabled,
        au1_0.failed_attempts,
        au1_0.full_name,
        au1_0.last_login_at,
        au1_0.locked_until,
        au1_0.must_change_password,
        au1_0.password_hash,
        au1_0.phone,
        r1_0.user_id,
        r1_1.id,
        r1_1.code,
        r1_1.created_at,
        r1_1.label,
        au1_0.updated_at,
        au1_0.updated_by,
        au1_0.version 
    from
        app_user au1_0 
    left join
        user_role r1_0 
            on au1_0.id=r1_0.user_id 
    left join
        role r1_1 
            on r1_1.id=r1_0.role_id 
    where
        au1_0.id=?
Hibernate: 
    select
        au1_0.id,
        au1_0.created_at,
        au1_0.email,
        au1_0.email_normalized,
        au1_0.email_verified_at,
        au1_0.enabled,
        au1_0.failed_attempts,
        au1_0.full_name,
        au1_0.last_login_at,
        au1_0.locked_until,
        au1_0.must_change_password,
        au1_0.password_hash,
        au1_0.phone,
        r1_0.user_id,
        r1_1.id,
        r1_1.code,
        r1_1.created_at,
        r1_1.label,
        au1_0.updated_at,
        au1_0.updated_by,
        au1_0.version 
    from
        app_user au1_0 
    left join
        user_role r1_0 
            on au1_0.id=r1_0.user_id 
    left join
        role r1_1 
            on r1_1.id=r1_0.role_id 
    where
        au1_0.id=?
2026-08-29T08:01:20.850+03:00 DEBUG 17212 --- [karvya-store] [cat-handler-123] org.hibernate.SQL                        : 
    select
        ca1_0.id,
        ca1_0.city,
        ca1_0.created_at,
        ca1_0.is_default,
        ca1_0.label,
        ca1_0.line1,
        ca1_0.line2,
        ca1_0.phone,
        ca1_0.postal_code,
        ca1_0.recipient_name,
        ca1_0.state,
        ca1_0.updated_at,
        ca1_0.user_id 
    from
        customer_address ca1_0 
    join
        app_user u1_0 
            on u1_0.id=ca1_0.user_id 
    where
        u1_0.id=? 
    order by
        ca1_0.is_default desc,
        ca1_0.created_at desc
Hibernate: 
    select
        ca1_0.id,
        ca1_0.city,
        ca1_0.created_at,
        ca1_0.is_default,
        ca1_0.label,
        ca1_0.line1,
        ca1_0.line2,
        ca1_0.phone,
        ca1_0.postal_code,
        ca1_0.recipient_name,
        ca1_0.state,
        ca1_0.updated_at,
        ca1_0.user_id 
    from
        customer_address ca1_0 
    join
        app_user u1_0 
            on u1_0.id=ca1_0.user_id 
    where
        u1_0.id=? 
    order by
        ca1_0.is_default desc,
        ca1_0.created_at desc
2026-08-29T08:01:21.403+03:00 DEBUG 17212 --- [karvya-store] [cat-handler-124] org.hibernate.SQL                        : 
    select
        au1_0.id,
        au1_0.created_at,
        au1_0.email,
        au1_0.email_normalized,
        au1_0.email_verified_at,
        au1_0.enabled,
        au1_0.failed_attempts,
        au1_0.full_name,
        au1_0.last_login_at,
        au1_0.locked_until,
        au1_0.must_change_password,
        au1_0.password_hash,
        au1_0.phone,
        r1_0.user_id,
        r1_1.id,
        r1_1.code,
        r1_1.created_at,
        r1_1.label,
        au1_0.updated_at,
        au1_0.updated_by,
        au1_0.version 
    from
        app_user au1_0 
    left join
        user_role r1_0 
            on au1_0.id=r1_0.user_id 
    left join
        role r1_1 
            on r1_1.id=r1_0.role_id 
    where
        au1_0.id=?
Hibernate: 
    select
        au1_0.id,
        au1_0.created_at,
        au1_0.email,
        au1_0.email_normalized,
        au1_0.email_verified_at,
        au1_0.enabled,
        au1_0.failed_attempts,
        au1_0.full_name,
        au1_0.last_login_at,
        au1_0.locked_until,
        au1_0.must_change_password,
        au1_0.password_hash,
        au1_0.phone,
        r1_0.user_id,
        r1_1.id,
        r1_1.code,
        r1_1.created_at,
        r1_1.label,
        au1_0.updated_at,
        au1_0.updated_by,
        au1_0.version 
    from
        app_user au1_0 
    left join
        user_role r1_0 
            on au1_0.id=r1_0.user_id 
    left join
        role r1_1 
            on r1_1.id=r1_0.role_id 
    where
        au1_0.id=?
2026-08-29T08:01:21.511+03:00 DEBUG 17212 --- [karvya-store] [cat-handler-125] org.hibernate.SQL                        : 
    select
        c1_0.id,
        c1_0.created_at,
        i1_0.cart_id,
        i1_0.id,
        i1_0.added_at,
        i1_0.product_id,
        p1_0.id,
        p1_0.care_instructions,
        p1_0.category_id,
        c3_0.id,
        c3_0.active,
        c3_0.created_at,
        c3_0.description,
        c3_0.display_order,
        c3_0.image_key,
        c3_0.name,
        c3_0.slug,
        c3_0.updated_at,
        c3_0.updated_by,
        p1_0.colour,
        p1_0.created_at,
        p1_0.description,
        p1_0.dimensions,
        p1_0.featured,
        p1_0.low_stock_threshold,
        p1_0.material,
        p1_0.name,
        p1_0.placeholder_content,
        p1_0.price,
        p1_0.short_description,
        p1_0.sku,
        p1_0.slug,
        p1_0.status,
        p1_0.stock_quantity,
        p1_0.updated_at,
        p1_0.updated_by,
        p1_0.version,
        i1_0.quantity,
        c1_0.updated_at,
        c1_0.user_id 
    from
        cart c1_0 
    join
        app_user u1_0 
            on u1_0.id=c1_0.user_id 
    left join
        cart_item i1_0 
            on c1_0.id=i1_0.cart_id 
    left join
        product p1_0 
            on p1_0.id=i1_0.product_id 
    left join
        category c3_0 
            on c3_0.id=p1_0.category_id 
    where
        u1_0.id=? 
    order by
        i1_0.added_at,
        i1_0.id
Hibernate: 
    select
        c1_0.id,
        c1_0.created_at,
        i1_0.cart_id,
        i1_0.id,
        i1_0.added_at,
        i1_0.product_id,
        p1_0.id,
        p1_0.care_instructions,
        p1_0.category_id,
        c3_0.id,
        c3_0.active,
        c3_0.created_at,
        c3_0.description,
        c3_0.display_order,
        c3_0.image_key,
        c3_0.name,
        c3_0.slug,
        c3_0.updated_at,
        c3_0.updated_by,
        p1_0.colour,
        p1_0.created_at,
        p1_0.description,
        p1_0.dimensions,
        p1_0.featured,
        p1_0.low_stock_threshold,
        p1_0.material,
        p1_0.name,
        p1_0.placeholder_content,
        p1_0.price,
        p1_0.short_description,
        p1_0.sku,
        p1_0.slug,
        p1_0.status,
        p1_0.stock_quantity,
        p1_0.updated_at,
        p1_0.updated_by,
        p1_0.version,
        i1_0.quantity,
        c1_0.updated_at,
        c1_0.user_id 
    from
        cart c1_0 
    join
        app_user u1_0 
            on u1_0.id=c1_0.user_id 
    left join
        cart_item i1_0 
            on c1_0.id=i1_0.cart_id 
    left join
        product p1_0 
            on p1_0.id=i1_0.product_id 
    left join
        category c3_0 
            on c3_0.id=p1_0.category_id 
    where
        u1_0.id=? 
    order by
        i1_0.added_at,
        i1_0.id
2026-08-29T08:01:21.704+03:00 DEBUG 17212 --- [karvya-store] [cat-handler-126] org.hibernate.SQL                        : 
    select
        co1_0.id,
        co1_0.access_token_hash,
        co1_0.address_line1,
        co1_0.address_line2,
        co1_0.city,
        co1_0.created_at,
        co1_0.currency,
        co1_0.customer_comments,
        co1_0.delivery_charge,
        co1_0.delivery_email,
        co1_0.delivery_name,
        co1_0.delivery_notes,
        co1_0.delivery_phone,
        co1_0.internal_notes,
        i1_0.order_id,
        i1_0.id,
        i1_0.image_key,
        i1_0.line_total,
        i1_0.product_id,
        i1_0.product_name,
        i1_0.product_sku,
        i1_0.quantity,
        i1_0.unit_price,
        co1_0.order_number,
        co1_0.payment_method_code,
        co1_0.payment_status,
        co1_0.placed_at,
        co1_0.postal_code,
        co1_0.state,
        co1_0.status,
        co1_0.stock_restored_at,
        co1_0.subtotal,
        co1_0.total,
        co1_0.updated_at,
        co1_0.updated_by,
        co1_0.user_id,
        co1_0.version 
    from
        customer_order co1_0 
    left join
        app_user u1_0 
            on u1_0.id=co1_0.user_id 
    left join
        order_item i1_0 
            on co1_0.id=i1_0.order_id 
    where
        co1_0.order_number=? 
        and u1_0.id=? 
    order by
        i1_0.id
Hibernate: 
    select
        co1_0.id,
        co1_0.access_token_hash,
        co1_0.address_line1,
        co1_0.address_line2,
        co1_0.city,
        co1_0.created_at,
        co1_0.currency,
        co1_0.customer_comments,
        co1_0.delivery_charge,
        co1_0.delivery_email,
        co1_0.delivery_name,
        co1_0.delivery_notes,
        co1_0.delivery_phone,
        co1_0.internal_notes,
        i1_0.order_id,
        i1_0.id,
        i1_0.image_key,
        i1_0.line_total,
        i1_0.product_id,
        i1_0.product_name,
        i1_0.product_sku,
        i1_0.quantity,
        i1_0.unit_price,
        co1_0.order_number,
        co1_0.payment_method_code,
        co1_0.payment_status,
        co1_0.placed_at,
        co1_0.postal_code,
        co1_0.state,
        co1_0.status,
        co1_0.stock_restored_at,
        co1_0.subtotal,
        co1_0.total,
        co1_0.updated_at,
        co1_0.updated_by,
        co1_0.user_id,
        co1_0.version 
    from
        customer_order co1_0 
    left join
        app_user u1_0 
            on u1_0.id=co1_0.user_id 
    left join
        order_item i1_0 
            on co1_0.id=i1_0.order_id 
    where
        co1_0.order_number=? 
        and u1_0.id=? 
    order by
        i1_0.id
2026-08-29T08:01:21.711+03:00 DEBUG 17212 --- [karvya-store] [cat-handler-126] org.hibernate.SQL                        : 
    select
        pm1_0.id,
        pm1_0.active,
        pm1_0.code,
        pm1_0.created_at,
        pm1_0.display_order,
        pm1_0.instructions,
        pm1_0.label,
        pm1_0.updated_at,
        pm1_0.updated_by 
    from
        payment_method pm1_0 
    where
        pm1_0.code=?
Hibernate: 
    select
        pm1_0.id,
        pm1_0.active,
        pm1_0.code,
        pm1_0.created_at,
        pm1_0.display_order,
        pm1_0.instructions,
        pm1_0.label,
        pm1_0.updated_at,
        pm1_0.updated_by 
    from
        payment_method pm1_0 
    where
        pm1_0.code=?
2026-08-29T08:01:21.714+03:00 DEBUG 17212 --- [karvya-store] [cat-handler-126] org.hibernate.SQL                        : 
    select
        p1_0.id,
        p1_0.care_instructions,
        p1_0.category_id,
        p1_0.colour,
        p1_0.created_at,
        p1_0.description,
        p1_0.dimensions,
        p1_0.featured,
        p1_0.low_stock_threshold,
        p1_0.material,
        p1_0.name,
        p1_0.placeholder_content,
        p1_0.price,
        p1_0.short_description,
        p1_0.sku,
        p1_0.slug,
        p1_0.status,
        p1_0.stock_quantity,
        p1_0.updated_at,
        p1_0.updated_by,
        p1_0.version 
    from
        product p1_0 
    where
        p1_0.id=?
Hibernate: 
    select
        p1_0.id,
        p1_0.care_instructions,
        p1_0.category_id,
        p1_0.colour,
        p1_0.created_at,
        p1_0.description,
        p1_0.dimensions,
        p1_0.featured,
        p1_0.low_stock_threshold,
        p1_0.material,
        p1_0.name,
        p1_0.placeholder_content,
        p1_0.price,
        p1_0.short_description,
        p1_0.sku,
        p1_0.slug,
        p1_0.status,
        p1_0.stock_quantity,
        p1_0.updated_at,
        p1_0.updated_by,
        p1_0.version 
    from
        product p1_0 
    where
        p1_0.id=?
2026-08-29T08:01:21.718+03:00 DEBUG 17212 --- [karvya-store] [cat-handler-126] org.hibernate.SQL                        : 
    select
        h1_0.order_id,
        h1_0.id,
        h1_0.changed_at,
        h1_0.changed_by,
        h1_0.field,
        h1_0.from_value,
        h1_0.note,
        h1_0.to_value 
    from
        order_status_history h1_0 
    where
        h1_0.order_id=? 
    order by
        h1_0.changed_at,
        h1_0.id
Hibernate: 
    select
        h1_0.order_id,
        h1_0.id,
        h1_0.changed_at,
        h1_0.changed_by,
        h1_0.field,
        h1_0.from_value,
        h1_0.note,
        h1_0.to_value 
    from
        order_status_history h1_0 
    where
        h1_0.order_id=? 
    order by
        h1_0.changed_at,
        h1_0.id
2026-08-29T08:01:21.811+03:00 DEBUG 17212 --- [karvya-store] [cat-handler-127] org.hibernate.SQL                        : 
    select
        c1_0.id,
        c1_0.created_at,
        i1_0.cart_id,
        i1_0.id,
        i1_0.added_at,
        i1_0.product_id,
        p1_0.id,
        p1_0.care_instructions,
        p1_0.category_id,
        c3_0.id,
        c3_0.active,
        c3_0.created_at,
        c3_0.description,
        c3_0.display_order,
        c3_0.image_key,
        c3_0.name,
        c3_0.slug,
        c3_0.updated_at,
        c3_0.updated_by,
        p1_0.colour,
        p1_0.created_at,
        p1_0.description,
        p1_0.dimensions,
        p1_0.featured,
        p1_0.low_stock_threshold,
        p1_0.material,
        p1_0.name,
        p1_0.placeholder_content,
        p1_0.price,
        p1_0.short_description,
        p1_0.sku,
        p1_0.slug,
        p1_0.status,
        p1_0.stock_quantity,
        p1_0.updated_at,
        p1_0.updated_by,
        p1_0.version,
        i1_0.quantity,
        c1_0.updated_at,
        c1_0.user_id 
    from
        cart c1_0 
    join
        app_user u1_0 
            on u1_0.id=c1_0.user_id 
    left join
        cart_item i1_0 
            on c1_0.id=i1_0.cart_id 
    left join
        product p1_0 
            on p1_0.id=i1_0.product_id 
    left join
        category c3_0 
            on c3_0.id=p1_0.category_id 
    where
        u1_0.id=? 
    order by
        i1_0.added_at,
        i1_0.id
Hibernate: 
    select
        c1_0.id,
        c1_0.created_at,
        i1_0.cart_id,
        i1_0.id,
        i1_0.added_at,
        i1_0.product_id,
        p1_0.id,
        p1_0.care_instructions,
        p1_0.category_id,
        c3_0.id,
        c3_0.active,
        c3_0.created_at,
        c3_0.description,
        c3_0.display_order,
        c3_0.image_key,
        c3_0.name,
        c3_0.slug,
        c3_0.updated_at,
        c3_0.updated_by,
        p1_0.colour,
        p1_0.created_at,
        p1_0.description,
        p1_0.dimensions,
        p1_0.featured,
        p1_0.low_stock_threshold,
        p1_0.material,
        p1_0.name,
        p1_0.placeholder_content,
        p1_0.price,
        p1_0.short_description,
        p1_0.sku,
        p1_0.slug,
        p1_0.status,
        p1_0.stock_quantity,
        p1_0.updated_at,
        p1_0.updated_by,
        p1_0.version,
        i1_0.quantity,
        c1_0.updated_at,
        c1_0.user_id 
    from
        cart c1_0 
    join
        app_user u1_0 
            on u1_0.id=c1_0.user_id 
    left join
        cart_item i1_0 
            on c1_0.id=i1_0.cart_id 
    left join
        product p1_0 
            on p1_0.id=i1_0.product_id 
    left join
        category c3_0 
            on c3_0.id=p1_0.category_id 
    where
        u1_0.id=? 
    order by
        i1_0.added_at,
        i1_0.id
2026-08-29T08:01:21.818+03:00 DEBUG 17212 --- [karvya-store] [cat-handler-127] org.hibernate.SQL                        : 
    update
        cart 
    set
        updated_at=?,
        user_id=? 
    where
        id=?
Hibernate: 
    update
        cart 
    set
        updated_at=?,
        user_id=? 
    where
        id=?
2026-08-29T08:01:22.734+03:00 DEBUG 17212 --- [karvya-store] [   scheduling-1] org.hibernate.SQL                        : 
    select
        en1_0.id,
        en1_0.attempts,
        en1_0.created_at,
        en1_0.last_attempt_at,
        en1_0.last_error,
        en1_0.next_attempt_at,
        en1_0.payload,
        en1_0.recipient,
        en1_0.related_order_id,
        en1_0.sent_at,
        en1_0.status,
        en1_0.subject,
        en1_0.type 
    from
        email_notification en1_0 
    where
        en1_0.status='PENDING' 
        and en1_0.next_attempt_at<=? 
    order by
        en1_0.next_attempt_at 
    fetch
        first ? rows only for no key update skip locked
Hibernate: 
    select
        en1_0.id,
        en1_0.attempts,
        en1_0.created_at,
        en1_0.last_attempt_at,
        en1_0.last_error,
        en1_0.next_attempt_at,
        en1_0.payload,
        en1_0.recipient,
        en1_0.related_order_id,
        en1_0.sent_at,
        en1_0.status,
        en1_0.subject,
        en1_0.type 
    from
        email_notification en1_0 
    where
        en1_0.status='PENDING' 
        and en1_0.next_attempt_at<=? 
    order by
        en1_0.next_attempt_at 
    fetch
        first ? rows only for no key update skip locked
2026-08-29T08:01:22.739+03:00 DEBUG 17212 --- [karvya-store] [   scheduling-1] org.hibernate.SQL                        : 
    update
        email_notification 
    set
        attempts=?,
        last_attempt_at=?,
        last_error=?,
        next_attempt_at=?,
        payload=?,
        recipient=?,
        related_order_id=?,
        sent_at=?,
        status=?,
        subject=?,
        type=? 
    where
        id=?
Hibernate: 
    update
        email_notification 
    set
        attempts=?,
        last_attempt_at=?,
        last_error=?,
        next_attempt_at=?,
        payload=?,
        recipient=?,
        related_order_id=?,
        sent_at=?,
        status=?,
        subject=?,
        type=? 
    where
        id=?
2026-08-29T08:01:22.743+03:00 DEBUG 17212 --- [karvya-store] [   scheduling-1] org.hibernate.SQL                        : 
    update
        email_notification 
    set
        attempts=?,
        last_attempt_at=?,
        last_error=?,
        next_attempt_at=?,
        payload=?,
        recipient=?,
        related_order_id=?,
        sent_at=?,
        status=?,
        subject=?,
        type=? 
    where
        id=?
Hibernate: 
    update
        email_notification 
    set
        attempts=?,
        last_attempt_at=?,
        last_error=?,
        next_attempt_at=?,
        payload=?,
        recipient=?,
        related_order_id=?,
        sent_at=?,
        status=?,
        subject=?,
        type=? 
    where
        id=?
2026-08-29T08:01:22.789+03:00 DEBUG 17212 --- [karvya-store] [   scheduling-1] org.hibernate.SQL                        : 
    select
        en1_0.id,
        en1_0.attempts,
        en1_0.created_at,
        en1_0.last_attempt_at,
        en1_0.last_error,
        en1_0.next_attempt_at,
        en1_0.payload,
        en1_0.recipient,
        en1_0.related_order_id,
        en1_0.sent_at,
        en1_0.status,
        en1_0.subject,
        en1_0.type 
    from
        email_notification en1_0 
    where
        en1_0.id=?
Hibernate: 
    select
        en1_0.id,
        en1_0.attempts,
        en1_0.created_at,
        en1_0.last_attempt_at,
        en1_0.last_error,
        en1_0.next_attempt_at,
        en1_0.payload,
        en1_0.recipient,
        en1_0.related_order_id,
        en1_0.sent_at,
        en1_0.status,
        en1_0.subject,
        en1_0.type 
    from
        email_notification en1_0 
    where
        en1_0.id=?
2026-08-29T08:01:22.850+03:00 DEBUG 17212 --- [karvya-store] [   scheduling-1] c.k.s.i.mail.SmtpEmailSender             : Delivered 'New order KV-260829-XVP4' to owner@example.com
2026-08-29T08:01:22.851+03:00 DEBUG 17212 --- [karvya-store] [   scheduling-1] org.hibernate.SQL                        : 
    update
        email_notification 
    set
        attempts=?,
        last_attempt_at=?,
        last_error=?,
        next_attempt_at=?,
        payload=?,
        recipient=?,
        related_order_id=?,
        sent_at=?,
        status=?,
        subject=?,
        type=? 
    where
        id=?
Hibernate: 
    update
        email_notification 
    set
        attempts=?,
        last_attempt_at=?,
        last_error=?,
        next_attempt_at=?,
        payload=?,
        recipient=?,
        related_order_id=?,
        sent_at=?,
        status=?,
        subject=?,
        type=? 
    where
        id=?
2026-08-29T08:01:22.855+03:00 DEBUG 17212 --- [karvya-store] [   scheduling-1] org.hibernate.SQL                        : 
    select
        en1_0.id,
        en1_0.attempts,
        en1_0.created_at,
        en1_0.last_attempt_at,
        en1_0.last_error,
        en1_0.next_attempt_at,
        en1_0.payload,
        en1_0.recipient,
        en1_0.related_order_id,
        en1_0.sent_at,
        en1_0.status,
        en1_0.subject,
        en1_0.type 
    from
        email_notification en1_0 
    where
        en1_0.id=?
Hibernate: 
    select
        en1_0.id,
        en1_0.attempts,
        en1_0.created_at,
        en1_0.last_attempt_at,
        en1_0.last_error,
        en1_0.next_attempt_at,
        en1_0.payload,
        en1_0.recipient,
        en1_0.related_order_id,
        en1_0.sent_at,
        en1_0.status,
        en1_0.subject,
        en1_0.type 
    from
        email_notification en1_0 
    where
        en1_0.id=?
2026-08-29T08:01:22.894+03:00 DEBUG 17212 --- [karvya-store] [   scheduling-1] c.k.s.i.mail.SmtpEmailSender             : Delivered 'Your order KV-260829-XVP4' to e2e-customer-1787979671756@example.test
2026-08-29T08:01:22.895+03:00 DEBUG 17212 --- [karvya-store] [   scheduling-1] org.hibernate.SQL                        : 
    update
        email_notification 
    set
        attempts=?,
        last_attempt_at=?,
        last_error=?,
        next_attempt_at=?,
        payload=?,
        recipient=?,
        related_order_id=?,
        sent_at=?,
        status=?,
        subject=?,
        type=? 
    where
        id=?
Hibernate: 
    update
        email_notification 
    set
        attempts=?,
        last_attempt_at=?,
        last_error=?,
        next_attempt_at=?,
        payload=?,
        recipient=?,
        related_order_id=?,
        sent_at=?,
        status=?,
        subject=?,
        type=? 
    where
        id=?
2026-08-29T08:01:22.898+03:00 DEBUG 17212 --- [karvya-store] [   scheduling-1] c.k.s.a.notification.NotificationWorker  : Notification pass: 2 sent
2026-08-29T08:01:37.904+03:00 DEBUG 17212 --- [karvya-store] [   scheduling-1] org.hibernate.SQL                        : 
    select
        en1_0.id,
        en1_0.attempts,
        en1_0.created_at,
        en1_0.last_attempt_at,
        en1_0.last_error,
        en1_0.next_attempt_at,
        en1_0.payload,
        en1_0.recipient,
        en1_0.related_order_id,
        en1_0.sent_at,
        en1_0.status,
        en1_0.subject,
        en1_0.type 
    from
        email_notification en1_0 
    where
        en1_0.status='PENDING' 
        and en1_0.next_attempt_at<=? 
    order by
        en1_0.next_attempt_at 
    fetch
        first ? rows only for no key update skip locked
Hibernate: 
    select
        en1_0.id,
        en1_0.attempts,
        en1_0.created_at,
        en1_0.last_attempt_at,
        en1_0.last_error,
        en1_0.next_attempt_at,
        en1_0.payload,
        en1_0.recipient,
        en1_0.related_order_id,
        en1_0.sent_at,
        en1_0.status,
        en1_0.subject,
        en1_0.type 
    from
        email_notification en1_0 
    where
        en1_0.status='PENDING' 
        and en1_0.next_attempt_at<=? 
    order by
        en1_0.next_attempt_at 
    fetch
        first ? rows only for no key update skip locked
2026-08-29T08:01:52.922+03:00 DEBUG 17212 --- [karvya-store] [   scheduling-1] org.hibernate.SQL                        : 
    select
        en1_0.id,
        en1_0.attempts,
        en1_0.created_at,
        en1_0.last_attempt_at,
        en1_0.last_error,
        en1_0.next_attempt_at,
        en1_0.payload,
        en1_0.recipient,
        en1_0.related_order_id,
        en1_0.sent_at,
        en1_0.status,
        en1_0.subject,
        en1_0.type 
    from
        email_notification en1_0 
    where
        en1_0.status='PENDING' 
        and en1_0.next_attempt_at<=? 
    order by
        en1_0.next_attempt_at 
    fetch
        first ? rows only for no key update skip locked
Hibernate: 
    select
        en1_0.id,
        en1_0.attempts,
        en1_0.created_at,
        en1_0.last_attempt_at,
        en1_0.last_error,
        en1_0.next_attempt_at,
        en1_0.payload,
        en1_0.recipient,
        en1_0.related_order_id,
        en1_0.sent_at,
        en1_0.status,
        en1_0.subject,
        en1_0.type 
    from
        email_notification en1_0 
    where
        en1_0.status='PENDING' 
        and en1_0.next_attempt_at<=? 
    order by
        en1_0.next_attempt_at 
    fetch
        first ? rows only for no key update skip locked
2026-08-29T08:02:07.941+03:00 DEBUG 17212 --- [karvya-store] [   scheduling-1] org.hibernate.SQL                        : 
    select
        en1_0.id,
        en1_0.attempts,
        en1_0.created_at,
        en1_0.last_attempt_at,
        en1_0.last_error,
        en1_0.next_attempt_at,
        en1_0.payload,
        en1_0.recipient,
        en1_0.related_order_id,
        en1_0.sent_at,
        en1_0.status,
        en1_0.subject,
        en1_0.type 
    from
        email_notification en1_0 
    where
        en1_0.status='PENDING' 
        and en1_0.next_attempt_at<=? 
    order by
        en1_0.next_attempt_at 
    fetch
        first ? rows only for no key update skip locked
Hibernate: 
    select
        en1_0.id,
        en1_0.attempts,
        en1_0.created_at,
        en1_0.last_attempt_at,
        en1_0.last_error,
        en1_0.next_attempt_at,
        en1_0.payload,
        en1_0.recipient,
        en1_0.related_order_id,
        en1_0.sent_at,
        en1_0.status,
        en1_0.subject,
        en1_0.type 
    from
        email_notification en1_0 
    where
        en1_0.status='PENDING' 
        and en1_0.next_attempt_at<=? 
    order by
        en1_0.next_attempt_at 
    fetch
        first ? rows only for no key update skip locked
2026-08-29T08:02:22.958+03:00 DEBUG 17212 --- [karvya-store] [   scheduling-1] org.hibernate.SQL                        : 
    select
        en1_0.id,
        en1_0.attempts,
        en1_0.created_at,
        en1_0.last_attempt_at,
        en1_0.last_error,
        en1_0.next_attempt_at,
        en1_0.payload,
        en1_0.recipient,
        en1_0.related_order_id,
        en1_0.sent_at,
        en1_0.status,
        en1_0.subject,
        en1_0.type 
    from
        email_notification en1_0 
    where
        en1_0.status='PENDING' 
        and en1_0.next_attempt_at<=? 
    order by
        en1_0.next_attempt_at 
    fetch
        first ? rows only for no key update skip locked
Hibernate: 
    select
        en1_0.id,
        en1_0.attempts,
        en1_0.created_at,
        en1_0.last_attempt_at,
        en1_0.last_error,
        en1_0.next_attempt_at,
        en1_0.payload,
        en1_0.recipient,
        en1_0.related_order_id,
        en1_0.sent_at,
        en1_0.status,
        en1_0.subject,
        en1_0.type 
    from
        email_notification en1_0 
    where
        en1_0.status='PENDING' 
        and en1_0.next_attempt_at<=? 
    order by
        en1_0.next_attempt_at 
    fetch
        first ? rows only for no key update skip locked
2026-08-29T08:02:37.977+03:00 DEBUG 17212 --- [karvya-store] [   scheduling-1] org.hibernate.SQL                        : 
    select
        en1_0.id,
        en1_0.attempts,
        en1_0.created_at,
        en1_0.last_attempt_at,
        en1_0.last_error,
        en1_0.next_attempt_at,
        en1_0.payload,
        en1_0.recipient,
        en1_0.related_order_id,
        en1_0.sent_at,
        en1_0.status,
        en1_0.subject,
        en1_0.type 
    from
        email_notification en1_0 
    where
        en1_0.status='PENDING' 
        and en1_0.next_attempt_at<=? 
    order by
        en1_0.next_attempt_at 
    fetch
        first ? rows only for no key update skip locked
Hibernate: 
    select
        en1_0.id,
        en1_0.attempts,
        en1_0.created_at,
        en1_0.last_attempt_at,
        en1_0.last_error,
        en1_0.next_attempt_at,
        en1_0.payload,
        en1_0.recipient,
        en1_0.related_order_id,
        en1_0.sent_at,
        en1_0.status,
        en1_0.subject,
        en1_0.type 
    from
        email_notification en1_0 
    where
        en1_0.status='PENDING' 
        and en1_0.next_attempt_at<=? 
    order by
        en1_0.next_attempt_at 
    fetch
        first ? rows only for no key update skip locked
2026-08-29T08:02:52.996+03:00 DEBUG 17212 --- [karvya-store] [   scheduling-1] org.hibernate.SQL                        : 
    select
        en1_0.id,
        en1_0.attempts,
        en1_0.created_at,
        en1_0.last_attempt_at,
        en1_0.last_error,
        en1_0.next_attempt_at,
        en1_0.payload,
        en1_0.recipient,
        en1_0.related_order_id,
        en1_0.sent_at,
        en1_0.status,
        en1_0.subject,
        en1_0.type 
    from
        email_notification en1_0 
    where
        en1_0.status='PENDING' 
        and en1_0.next_attempt_at<=? 
    order by
        en1_0.next_attempt_at 
    fetch
        first ? rows only for no key update skip locked
Hibernate: 
    select
        en1_0.id,
        en1_0.attempts,
        en1_0.created_at,
        en1_0.last_attempt_at,
        en1_0.last_error,
        en1_0.next_attempt_at,
        en1_0.payload,
        en1_0.recipient,
        en1_0.related_order_id,
        en1_0.sent_at,
        en1_0.status,
        en1_0.subject,
        en1_0.type 
    from
        email_notification en1_0 
    where
        en1_0.status='PENDING' 
        and en1_0.next_attempt_at<=? 
    order by
        en1_0.next_attempt_at 
    fetch
        first ? rows only for no key update skip locked
2026-08-29T08:03:08.016+03:00 DEBUG 17212 --- [karvya-store] [   scheduling-1] org.hibernate.SQL                        : 
    select
        en1_0.id,
        en1_0.attempts,
        en1_0.created_at,
        en1_0.last_attempt_at,
        en1_0.last_error,
        en1_0.next_attempt_at,
        en1_0.payload,
        en1_0.recipient,
        en1_0.related_order_id,
        en1_0.sent_at,
        en1_0.status,
        en1_0.subject,
        en1_0.type 
    from
        email_notification en1_0 
    where
        en1_0.status='PENDING' 
        and en1_0.next_attempt_at<=? 
    order by
        en1_0.next_attempt_at 
    fetch
        first ? rows only for no key update skip locked
Hibernate: 
    select
        en1_0.id,
        en1_0.attempts,
        en1_0.created_at,
        en1_0.last_attempt_at,
        en1_0.last_error,
        en1_0.next_attempt_at,
        en1_0.payload,
        en1_0.recipient,
        en1_0.related_order_id,
        en1_0.sent_at,
        en1_0.status,
        en1_0.subject,
        en1_0.type 
    from
        email_notification en1_0 
    where
        en1_0.status='PENDING' 
        and en1_0.next_attempt_at<=? 
    order by
        en1_0.next_attempt_at 
    fetch
        first ? rows only for no key update skip locked
2026-08-29T08:03:23.039+03:00 DEBUG 17212 --- [karvya-store] [   scheduling-1] org.hibernate.SQL                        : 
    select
        en1_0.id,
        en1_0.attempts,
        en1_0.created_at,
        en1_0.last_attempt_at,
        en1_0.last_error,
        en1_0.next_attempt_at,
        en1_0.payload,
        en1_0.recipient,
        en1_0.related_order_id,
        en1_0.sent_at,
        en1_0.status,
        en1_0.subject,
        en1_0.type 
    from
        email_notification en1_0 
    where
        en1_0.status='PENDING' 
        and en1_0.next_attempt_at<=? 
    order by
        en1_0.next_attempt_at 
    fetch
        first ? rows only for no key update skip locked
Hibernate: 
    select
        en1_0.id,
        en1_0.attempts,
        en1_0.created_at,
        en1_0.last_attempt_at,
        en1_0.last_error,
        en1_0.next_attempt_at,
        en1_0.payload,
        en1_0.recipient,
        en1_0.related_order_id,
        en1_0.sent_at,
        en1_0.status,
        en1_0.subject,
        en1_0.type 
    from
        email_notification en1_0 
    where
        en1_0.status='PENDING' 
        and en1_0.next_attempt_at<=? 
    order by
        en1_0.next_attempt_at 
    fetch
        first ? rows only for no key update skip locked
2026-08-29T08:03:33.789+03:00 DEBUG 17212 --- [karvya-store] [cat-handler-132] org.hibernate.SQL                        : 
    select
        au1_0.id,
        au1_0.created_at,
        au1_0.email,
        au1_0.email_normalized,
        au1_0.email_verified_at,
        au1_0.enabled,
        au1_0.failed_attempts,
        au1_0.full_name,
        au1_0.last_login_at,
        au1_0.locked_until,
        au1_0.must_change_password,
        au1_0.password_hash,
        au1_0.phone,
        r1_0.user_id,
        r1_1.id,
        r1_1.code,
        r1_1.created_at,
        r1_1.label,
        au1_0.updated_at,
        au1_0.updated_by,
        au1_0.version 
    from
        app_user au1_0 
    left join
        user_role r1_0 
            on au1_0.id=r1_0.user_id 
    left join
        role r1_1 
            on r1_1.id=r1_0.role_id 
    where
        au1_0.id=?
Hibernate: 
    select
        au1_0.id,
        au1_0.created_at,
        au1_0.email,
        au1_0.email_normalized,
        au1_0.email_verified_at,
        au1_0.enabled,
        au1_0.failed_attempts,
        au1_0.full_name,
        au1_0.last_login_at,
        au1_0.locked_until,
        au1_0.must_change_password,
        au1_0.password_hash,
        au1_0.phone,
        r1_0.user_id,
        r1_1.id,
        r1_1.code,
        r1_1.created_at,
        r1_1.label,
        au1_0.updated_at,
        au1_0.updated_by,
        au1_0.version 
    from
        app_user au1_0 
    left join
        user_role r1_0 
            on au1_0.id=r1_0.user_id 
    left join
        role r1_1 
            on r1_1.id=r1_0.role_id 
    where
        au1_0.id=?
2026-08-29T08:03:34.003+03:00 DEBUG 17212 --- [karvya-store] [cat-handler-133] org.hibernate.SQL                        : 
    select
        c1_0.id,
        c1_0.created_at,
        i1_0.cart_id,
        i1_0.id,
        i1_0.added_at,
        i1_0.product_id,
        p1_0.id,
        p1_0.care_instructions,
        p1_0.category_id,
        c3_0.id,
        c3_0.active,
        c3_0.created_at,
        c3_0.description,
        c3_0.display_order,
        c3_0.image_key,
        c3_0.name,
        c3_0.slug,
        c3_0.updated_at,
        c3_0.updated_by,
        p1_0.colour,
        p1_0.created_at,
        p1_0.description,
        p1_0.dimensions,
        p1_0.featured,
        p1_0.low_stock_threshold,
        p1_0.material,
        p1_0.name,
        p1_0.placeholder_content,
        p1_0.price,
        p1_0.short_description,
        p1_0.sku,
        p1_0.slug,
        p1_0.status,
        p1_0.stock_quantity,
        p1_0.updated_at,
        p1_0.updated_by,
        p1_0.version,
        i1_0.quantity,
        c1_0.updated_at,
        c1_0.user_id 
    from
        cart c1_0 
    join
        app_user u1_0 
            on u1_0.id=c1_0.user_id 
    left join
        cart_item i1_0 
            on c1_0.id=i1_0.cart_id 
    left join
        product p1_0 
            on p1_0.id=i1_0.product_id 
    left join
        category c3_0 
            on c3_0.id=p1_0.category_id 
    where
        u1_0.id=? 
    order by
        i1_0.added_at,
        i1_0.id
Hibernate: 
    select
        c1_0.id,
        c1_0.created_at,
        i1_0.cart_id,
        i1_0.id,
        i1_0.added_at,
        i1_0.product_id,
        p1_0.id,
        p1_0.care_instructions,
        p1_0.category_id,
        c3_0.id,
        c3_0.active,
        c3_0.created_at,
        c3_0.description,
        c3_0.display_order,
        c3_0.image_key,
        c3_0.name,
        c3_0.slug,
        c3_0.updated_at,
        c3_0.updated_by,
        p1_0.colour,
        p1_0.created_at,
        p1_0.description,
        p1_0.dimensions,
        p1_0.featured,
        p1_0.low_stock_threshold,
        p1_0.material,
        p1_0.name,
        p1_0.placeholder_content,
        p1_0.price,
        p1_0.short_description,
        p1_0.sku,
        p1_0.slug,
        p1_0.status,
        p1_0.stock_quantity,
        p1_0.updated_at,
        p1_0.updated_by,
        p1_0.version,
        i1_0.quantity,
        c1_0.updated_at,
        c1_0.user_id 
    from
        cart c1_0 
    join
        app_user u1_0 
            on u1_0.id=c1_0.user_id 
    left join
        cart_item i1_0 
            on c1_0.id=i1_0.cart_id 
    left join
        product p1_0 
            on p1_0.id=i1_0.product_id 
    left join
        category c3_0 
            on c3_0.id=p1_0.category_id 
    where
        u1_0.id=? 
    order by
        i1_0.added_at,
        i1_0.id
2026-08-29T08:03:34.235+03:00 DEBUG 17212 --- [karvya-store] [cat-handler-135] org.hibernate.SQL                        : 
    select
        c1_0.id,
        c1_0.name,
        c1_0.slug,
        c1_0.description,
        c1_0.image_key,
        (select
            count(p1_0.id) 
        from
            product p1_0 
        where
            p1_0.category_id=c1_0.id 
            and p1_0.status='ACTIVE') 
    from
        category c1_0 
    where
        c1_0.active=true 
    order by
        c1_0.display_order,
        c1_0.name
Hibernate: 
    select
        c1_0.id,
        c1_0.name,
        c1_0.slug,
        c1_0.description,
        c1_0.image_key,
        (select
            count(p1_0.id) 
        from
            product p1_0 
        where
            p1_0.category_id=c1_0.id 
            and p1_0.status='ACTIVE') 
    from
        category c1_0 
    where
        c1_0.active=true 
    order by
        c1_0.display_order,
        c1_0.name
2026-08-29T08:03:34.243+03:00 DEBUG 17212 --- [karvya-store] [cat-handler-136] org.hibernate.SQL                        : 
    select
        au1_0.id,
        au1_0.created_at,
        au1_0.email,
        au1_0.email_normalized,
        au1_0.email_verified_at,
        au1_0.enabled,
        au1_0.failed_attempts,
        au1_0.full_name,
        au1_0.last_login_at,
        au1_0.locked_until,
        au1_0.must_change_password,
        au1_0.password_hash,
        au1_0.phone,
        r1_0.user_id,
        r1_1.id,
        r1_1.code,
        r1_1.created_at,
        r1_1.label,
        au1_0.updated_at,
        au1_0.updated_by,
        au1_0.version 
    from
        app_user au1_0 
    left join
        user_role r1_0 
            on au1_0.id=r1_0.user_id 
    left join
        role r1_1 
            on r1_1.id=r1_0.role_id 
    where
        au1_0.id=?
Hibernate: 
    select
        au1_0.id,
        au1_0.created_at,
        au1_0.email,
        au1_0.email_normalized,
        au1_0.email_verified_at,
        au1_0.enabled,
        au1_0.failed_attempts,
        au1_0.full_name,
        au1_0.last_login_at,
        au1_0.locked_until,
        au1_0.must_change_password,
        au1_0.password_hash,
        au1_0.phone,
        r1_0.user_id,
        r1_1.id,
        r1_1.code,
        r1_1.created_at,
        r1_1.label,
        au1_0.updated_at,
        au1_0.updated_by,
        au1_0.version 
    from
        app_user au1_0 
    left join
        user_role r1_0 
            on au1_0.id=r1_0.user_id 
    left join
        role r1_1 
            on r1_1.id=r1_0.role_id 
    where
        au1_0.id=?
2026-08-29T08:03:34.243+03:00 DEBUG 17212 --- [karvya-store] [cat-handler-134] org.hibernate.SQL                        : 
    select
        p1_0.id,
        p1_0.care_instructions,
        p1_0.category_id,
        c1_0.id,
        c1_0.active,
        c1_0.created_at,
        c1_0.description,
        c1_0.display_order,
        c1_0.image_key,
        c1_0.name,
        c1_0.slug,
        c1_0.updated_at,
        c1_0.updated_by,
        p1_0.colour,
        p1_0.created_at,
        p1_0.description,
        p1_0.dimensions,
        p1_0.featured,
        p1_0.low_stock_threshold,
        p1_0.material,
        p1_0.name,
        p1_0.placeholder_content,
        p1_0.price,
        p1_0.short_description,
        p1_0.sku,
        p1_0.slug,
        p1_0.status,
        p1_0.stock_quantity,
        p1_0.updated_at,
        p1_0.updated_by,
        p1_0.version 
    from
        product p1_0 
    join
        category c1_0 
            on c1_0.id=p1_0.category_id 
    where
        1=1 
        and p1_0.status=? 
        and p1_0.featured=? 
    order by
        p1_0.featured desc,
        p1_0.name,
        p1_0.id 
    offset
        ? rows 
    fetch
        first ? rows only
Hibernate: 
    select
        p1_0.id,
        p1_0.care_instructions,
        p1_0.category_id,
        c1_0.id,
        c1_0.active,
        c1_0.created_at,
        c1_0.description,
        c1_0.display_order,
        c1_0.image_key,
        c1_0.name,
        c1_0.slug,
        c1_0.updated_at,
        c1_0.updated_by,
        p1_0.colour,
        p1_0.created_at,
        p1_0.description,
        p1_0.dimensions,
        p1_0.featured,
        p1_0.low_stock_threshold,
        p1_0.material,
        p1_0.name,
        p1_0.placeholder_content,
        p1_0.price,
        p1_0.short_description,
        p1_0.sku,
        p1_0.slug,
        p1_0.status,
        p1_0.stock_quantity,
        p1_0.updated_at,
        p1_0.updated_by,
        p1_0.version 
    from
        product p1_0 
    join
        category c1_0 
            on c1_0.id=p1_0.category_id 
    where
        1=1 
        and p1_0.status=? 
        and p1_0.featured=? 
    order by
        p1_0.featured desc,
        p1_0.name,
        p1_0.id 
    offset
        ? rows 
    fetch
        first ? rows only
2026-08-29T08:03:34.253+03:00 DEBUG 17212 --- [karvya-store] [cat-handler-134] org.hibernate.SQL                        : 
    select
        i1_0.product_id,
        i1_0.id,
        i1_0.alt_text,
        i1_0.bytes,
        i1_0.content_type,
        i1_0.created_at,
        i1_0.display_order,
        i1_0.height,
        i1_0.is_primary,
        i1_0.storage_key,
        i1_0.width 
    from
        product_image i1_0 
    where
        i1_0.product_id = any (?) 
    order by
        i1_0.display_order,
        i1_0.id
Hibernate: 
    select
        i1_0.product_id,
        i1_0.id,
        i1_0.alt_text,
        i1_0.bytes,
        i1_0.content_type,
        i1_0.created_at,
        i1_0.display_order,
        i1_0.height,
        i1_0.is_primary,
        i1_0.storage_key,
        i1_0.width 
    from
        product_image i1_0 
    where
        i1_0.product_id = any (?) 
    order by
        i1_0.display_order,
        i1_0.id
2026-08-29T08:03:34.384+03:00 DEBUG 17212 --- [karvya-store] [cat-handler-137] org.hibernate.SQL                        : 
    select
        ss1_0.setting_key,
        ss1_0.description,
        ss1_0.updated_at,
        ss1_0.updated_by,
        ss1_0.setting_value,
        ss1_0.value_type 
    from
        site_setting ss1_0 
    order by
        ss1_0.setting_key
Hibernate: 
    select
        ss1_0.setting_key,
        ss1_0.description,
        ss1_0.updated_at,
        ss1_0.updated_by,
        ss1_0.setting_value,
        ss1_0.value_type 
    from
        site_setting ss1_0 
    order by
        ss1_0.setting_key
2026-08-29T08:03:34.607+03:00 DEBUG 17212 --- [karvya-store] [cat-handler-138] org.hibernate.SQL                        : 
    select
        c1_0.id,
        c1_0.created_at,
        i1_0.cart_id,
        i1_0.id,
        i1_0.added_at,
        i1_0.product_id,
        p1_0.id,
        p1_0.care_instructions,
        p1_0.category_id,
        c3_0.id,
        c3_0.active,
        c3_0.created_at,
        c3_0.description,
        c3_0.display_order,
        c3_0.image_key,
        c3_0.name,
        c3_0.slug,
        c3_0.updated_at,
        c3_0.updated_by,
        p1_0.colour,
        p1_0.created_at,
        p1_0.description,
        p1_0.dimensions,
        p1_0.featured,
        p1_0.low_stock_threshold,
        p1_0.material,
        p1_0.name,
        p1_0.placeholder_content,
        p1_0.price,
        p1_0.short_description,
        p1_0.sku,
        p1_0.slug,
        p1_0.status,
        p1_0.stock_quantity,
        p1_0.updated_at,
        p1_0.updated_by,
        p1_0.version,
        i1_0.quantity,
        c1_0.updated_at,
        c1_0.user_id 
    from
        cart c1_0 
    join
        app_user u1_0 
            on u1_0.id=c1_0.user_id 
    left join
        cart_item i1_0 
            on c1_0.id=i1_0.cart_id 
    left join
        product p1_0 
            on p1_0.id=i1_0.product_id 
    left join
        category c3_0 
            on c3_0.id=p1_0.category_id 
    where
        u1_0.id=? 
    order by
        i1_0.added_at,
        i1_0.id
Hibernate: 
    select
        c1_0.id,
        c1_0.created_at,
        i1_0.cart_id,
        i1_0.id,
        i1_0.added_at,
        i1_0.product_id,
        p1_0.id,
        p1_0.care_instructions,
        p1_0.category_id,
        c3_0.id,
        c3_0.active,
        c3_0.created_at,
        c3_0.description,
        c3_0.display_order,
        c3_0.image_key,
        c3_0.name,
        c3_0.slug,
        c3_0.updated_at,
        c3_0.updated_by,
        p1_0.colour,
        p1_0.created_at,
        p1_0.description,
        p1_0.dimensions,
        p1_0.featured,
        p1_0.low_stock_threshold,
        p1_0.material,
        p1_0.name,
        p1_0.placeholder_content,
        p1_0.price,
        p1_0.short_description,
        p1_0.sku,
        p1_0.slug,
        p1_0.status,
        p1_0.stock_quantity,
        p1_0.updated_at,
        p1_0.updated_by,
        p1_0.version,
        i1_0.quantity,
        c1_0.updated_at,
        c1_0.user_id 
    from
        cart c1_0 
    join
        app_user u1_0 
            on u1_0.id=c1_0.user_id 
    left join
        cart_item i1_0 
            on c1_0.id=i1_0.cart_id 
    left join
        product p1_0 
            on p1_0.id=i1_0.product_id 
    left join
        category c3_0 
            on c3_0.id=p1_0.category_id 
    where
        u1_0.id=? 
    order by
        i1_0.added_at,
        i1_0.id
2026-08-29T08:03:38.051+03:00 DEBUG 17212 --- [karvya-store] [   scheduling-1] org.hibernate.SQL                        : 
    select
        en1_0.id,
        en1_0.attempts,
        en1_0.created_at,
        en1_0.last_attempt_at,
        en1_0.last_error,
        en1_0.next_attempt_at,
        en1_0.payload,
        en1_0.recipient,
        en1_0.related_order_id,
        en1_0.sent_at,
        en1_0.status,
        en1_0.subject,
        en1_0.type 
    from
        email_notification en1_0 
    where
        en1_0.status='PENDING' 
        and en1_0.next_attempt_at<=? 
    order by
        en1_0.next_attempt_at 
    fetch
        first ? rows only for no key update skip locked
Hibernate: 
    select
        en1_0.id,
        en1_0.attempts,
        en1_0.created_at,
        en1_0.last_attempt_at,
        en1_0.last_error,
        en1_0.next_attempt_at,
        en1_0.payload,
        en1_0.recipient,
        en1_0.related_order_id,
        en1_0.sent_at,
        en1_0.status,
        en1_0.subject,
        en1_0.type 
    from
        email_notification en1_0 
    where
        en1_0.status='PENDING' 
        and en1_0.next_attempt_at<=? 
    order by
        en1_0.next_attempt_at 
    fetch
        first ? rows only for no key update skip locked
2026-08-29T08:03:42.618+03:00 DEBUG 17212 --- [karvya-store] [cat-handler-139] org.hibernate.SQL                        : 
    select
        au1_0.id,
        au1_0.created_at,
        au1_0.email,
        au1_0.email_normalized,
        au1_0.email_verified_at,
        au1_0.enabled,
        au1_0.failed_attempts,
        au1_0.full_name,
        au1_0.last_login_at,
        au1_0.locked_until,
        au1_0.must_change_password,
        au1_0.password_hash,
        au1_0.phone,
        au1_0.updated_at,
        au1_0.updated_by,
        au1_0.version 
    from
        app_user au1_0 
    where
        au1_0.email_normalized=?
Hibernate: 
    select
        au1_0.id,
        au1_0.created_at,
        au1_0.email,
        au1_0.email_normalized,
        au1_0.email_verified_at,
        au1_0.enabled,
        au1_0.failed_attempts,
        au1_0.full_name,
        au1_0.last_login_at,
        au1_0.locked_until,
        au1_0.must_change_password,
        au1_0.password_hash,
        au1_0.phone,
        au1_0.updated_at,
        au1_0.updated_by,
        au1_0.version 
    from
        app_user au1_0 
    where
        au1_0.email_normalized=?
2026-08-29T08:03:42.621+03:00 DEBUG 17212 --- [karvya-store] [cat-handler-139] org.hibernate.SQL                        : 
    select
        r1_0.user_id,
        r1_1.id,
        r1_1.code,
        r1_1.created_at,
        r1_1.label 
    from
        user_role r1_0 
    join
        role r1_1 
            on r1_1.id=r1_0.role_id 
    where
        r1_0.user_id=?
Hibernate: 
    select
        r1_0.user_id,
        r1_1.id,
        r1_1.code,
        r1_1.created_at,
        r1_1.label 
    from
        user_role r1_0 
    join
        role r1_1 
            on r1_1.id=r1_0.role_id 
    where
        r1_0.user_id=?
2026-08-29T08:03:42.719+03:00 DEBUG 17212 --- [karvya-store] [cat-handler-139] org.hibernate.SQL                        : 
    select
        au1_0.id,
        au1_0.created_at,
        au1_0.email,
        au1_0.email_normalized,
        au1_0.email_verified_at,
        au1_0.enabled,
        au1_0.failed_attempts,
        au1_0.full_name,
        au1_0.last_login_at,
        au1_0.locked_until,
        au1_0.must_change_password,
        au1_0.password_hash,
        au1_0.phone,
        au1_0.updated_at,
        au1_0.updated_by,
        au1_0.version 
    from
        app_user au1_0 
    where
        au1_0.email_normalized=?
Hibernate: 
    select
        au1_0.id,
        au1_0.created_at,
        au1_0.email,
        au1_0.email_normalized,
        au1_0.email_verified_at,
        au1_0.enabled,
        au1_0.failed_attempts,
        au1_0.full_name,
        au1_0.last_login_at,
        au1_0.locked_until,
        au1_0.must_change_password,
        au1_0.password_hash,
        au1_0.phone,
        au1_0.updated_at,
        au1_0.updated_by,
        au1_0.version 
    from
        app_user au1_0 
    where
        au1_0.email_normalized=?
2026-08-29T08:03:42.722+03:00 DEBUG 17212 --- [karvya-store] [cat-handler-139] org.hibernate.SQL                        : 
    select
        r1_0.user_id,
        r1_1.id,
        r1_1.code,
        r1_1.created_at,
        r1_1.label 
    from
        user_role r1_0 
    join
        role r1_1 
            on r1_1.id=r1_0.role_id 
    where
        r1_0.user_id=?
Hibernate: 
    select
        r1_0.user_id,
        r1_1.id,
        r1_1.code,
        r1_1.created_at,
        r1_1.label 
    from
        user_role r1_0 
    join
        role r1_1 
            on r1_1.id=r1_0.role_id 
    where
        r1_0.user_id=?
2026-08-29T08:03:42.724+03:00 DEBUG 17212 --- [karvya-store] [cat-handler-139] org.hibernate.SQL                        : 
    update
        app_user 
    set
        email=?,
        email_normalized=?,
        email_verified_at=?,
        enabled=?,
        failed_attempts=?,
        full_name=?,
        last_login_at=?,
        locked_until=?,
        must_change_password=?,
        password_hash=?,
        phone=?,
        updated_at=?,
        updated_by=?,
        version=? 
    where
        id=? 
        and version=?
Hibernate: 
    update
        app_user 
    set
        email=?,
        email_normalized=?,
        email_verified_at=?,
        enabled=?,
        failed_attempts=?,
        full_name=?,
        last_login_at=?,
        locked_until=?,
        must_change_password=?,
        password_hash=?,
        phone=?,
        updated_at=?,
        updated_by=?,
        version=? 
    where
        id=? 
        and version=?
2026-08-29T08:03:42.727+03:00 DEBUG 17212 --- [karvya-store] [cat-handler-139] org.hibernate.SQL                        : 
    select
        au1_0.id,
        au1_0.created_at,
        au1_0.email,
        au1_0.email_normalized,
        au1_0.email_verified_at,
        au1_0.enabled,
        au1_0.failed_attempts,
        au1_0.full_name,
        au1_0.last_login_at,
        au1_0.locked_until,
        au1_0.must_change_password,
        au1_0.password_hash,
        au1_0.phone,
        r1_0.user_id,
        r1_1.id,
        r1_1.code,
        r1_1.created_at,
        r1_1.label,
        au1_0.updated_at,
        au1_0.updated_by,
        au1_0.version 
    from
        app_user au1_0 
    left join
        user_role r1_0 
            on au1_0.id=r1_0.user_id 
    left join
        role r1_1 
            on r1_1.id=r1_0.role_id 
    where
        au1_0.id=?
Hibernate: 
    select
        au1_0.id,
        au1_0.created_at,
        au1_0.email,
        au1_0.email_normalized,
        au1_0.email_verified_at,
        au1_0.enabled,
        au1_0.failed_attempts,
        au1_0.full_name,
        au1_0.last_login_at,
        au1_0.locked_until,
        au1_0.must_change_password,
        au1_0.password_hash,
        au1_0.phone,
        r1_0.user_id,
        r1_1.id,
        r1_1.code,
        r1_1.created_at,
        r1_1.label,
        au1_0.updated_at,
        au1_0.updated_by,
        au1_0.version 
    from
        app_user au1_0 
    left join
        user_role r1_0 
            on au1_0.id=r1_0.user_id 
    left join
        role r1_1 
            on r1_1.id=r1_0.role_id 
    where
        au1_0.id=?
2026-08-29T08:03:42.761+03:00 DEBUG 17212 --- [karvya-store] [cat-handler-140] org.hibernate.SQL                        : 
    select
        c1_0.id,
        c1_0.created_at,
        i1_0.cart_id,
        i1_0.id,
        i1_0.added_at,
        i1_0.product_id,
        p1_0.id,
        p1_0.care_instructions,
        p1_0.category_id,
        c3_0.id,
        c3_0.active,
        c3_0.created_at,
        c3_0.description,
        c3_0.display_order,
        c3_0.image_key,
        c3_0.name,
        c3_0.slug,
        c3_0.updated_at,
        c3_0.updated_by,
        p1_0.colour,
        p1_0.created_at,
        p1_0.description,
        p1_0.dimensions,
        p1_0.featured,
        p1_0.low_stock_threshold,
        p1_0.material,
        p1_0.name,
        p1_0.placeholder_content,
        p1_0.price,
        p1_0.short_description,
        p1_0.sku,
        p1_0.slug,
        p1_0.status,
        p1_0.stock_quantity,
        p1_0.updated_at,
        p1_0.updated_by,
        p1_0.version,
        i1_0.quantity,
        c1_0.updated_at,
        c1_0.user_id 
    from
        cart c1_0 
    join
        app_user u1_0 
            on u1_0.id=c1_0.user_id 
    left join
        cart_item i1_0 
            on c1_0.id=i1_0.cart_id 
    left join
        product p1_0 
            on p1_0.id=i1_0.product_id 
    left join
        category c3_0 
            on c3_0.id=p1_0.category_id 
    where
        u1_0.id=? 
    order by
        i1_0.added_at,
        i1_0.id
Hibernate: 
    select
        c1_0.id,
        c1_0.created_at,
        i1_0.cart_id,
        i1_0.id,
        i1_0.added_at,
        i1_0.product_id,
        p1_0.id,
        p1_0.care_instructions,
        p1_0.category_id,
        c3_0.id,
        c3_0.active,
        c3_0.created_at,
        c3_0.description,
        c3_0.display_order,
        c3_0.image_key,
        c3_0.name,
        c3_0.slug,
        c3_0.updated_at,
        c3_0.updated_by,
        p1_0.colour,
        p1_0.created_at,
        p1_0.description,
        p1_0.dimensions,
        p1_0.featured,
        p1_0.low_stock_threshold,
        p1_0.material,
        p1_0.name,
        p1_0.placeholder_content,
        p1_0.price,
        p1_0.short_description,
        p1_0.sku,
        p1_0.slug,
        p1_0.status,
        p1_0.stock_quantity,
        p1_0.updated_at,
        p1_0.updated_by,
        p1_0.version,
        i1_0.quantity,
        c1_0.updated_at,
        c1_0.user_id 
    from
        cart c1_0 
    join
        app_user u1_0 
            on u1_0.id=c1_0.user_id 
    left join
        cart_item i1_0 
            on c1_0.id=i1_0.cart_id 
    left join
        product p1_0 
            on p1_0.id=i1_0.product_id 
    left join
        category c3_0 
            on c3_0.id=p1_0.category_id 
    where
        u1_0.id=? 
    order by
        i1_0.added_at,
        i1_0.id
2026-08-29T08:03:42.839+03:00 DEBUG 17212 --- [karvya-store] [cat-handler-141] org.hibernate.SQL                        : 
    select
        au1_0.id,
        au1_0.created_at,
        au1_0.email,
        au1_0.email_normalized,
        au1_0.email_verified_at,
        au1_0.enabled,
        au1_0.failed_attempts,
        au1_0.full_name,
        au1_0.last_login_at,
        au1_0.locked_until,
        au1_0.must_change_password,
        au1_0.password_hash,
        au1_0.phone,
        r1_0.user_id,
        r1_1.id,
        r1_1.code,
        r1_1.created_at,
        r1_1.label,
        au1_0.updated_at,
        au1_0.updated_by,
        au1_0.version 
    from
        app_user au1_0 
    left join
        user_role r1_0 
            on au1_0.id=r1_0.user_id 
    left join
        role r1_1 
            on r1_1.id=r1_0.role_id 
    where
        au1_0.id=?
Hibernate: 
    select
        au1_0.id,
        au1_0.created_at,
        au1_0.email,
        au1_0.email_normalized,
        au1_0.email_verified_at,
        au1_0.enabled,
        au1_0.failed_attempts,
        au1_0.full_name,
        au1_0.last_login_at,
        au1_0.locked_until,
        au1_0.must_change_password,
        au1_0.password_hash,
        au1_0.phone,
        r1_0.user_id,
        r1_1.id,
        r1_1.code,
        r1_1.created_at,
        r1_1.label,
        au1_0.updated_at,
        au1_0.updated_by,
        au1_0.version 
    from
        app_user au1_0 
    left join
        user_role r1_0 
            on au1_0.id=r1_0.user_id 
    left join
        role r1_1 
            on r1_1.id=r1_0.role_id 
    where
        au1_0.id=?
2026-08-29T08:03:42.840+03:00 DEBUG 17212 --- [karvya-store] [cat-handler-142] org.hibernate.SQL                        : 
    select
        ca1_0.id,
        ca1_0.city,
        ca1_0.created_at,
        ca1_0.is_default,
        ca1_0.label,
        ca1_0.line1,
        ca1_0.line2,
        ca1_0.phone,
        ca1_0.postal_code,
        ca1_0.recipient_name,
        ca1_0.state,
        ca1_0.updated_at,
        ca1_0.user_id 
    from
        customer_address ca1_0 
    join
        app_user u1_0 
            on u1_0.id=ca1_0.user_id 
    where
        u1_0.id=? 
    order by
        ca1_0.is_default desc,
        ca1_0.created_at desc
Hibernate: 
    select
        ca1_0.id,
        ca1_0.city,
        ca1_0.created_at,
        ca1_0.is_default,
        ca1_0.label,
        ca1_0.line1,
        ca1_0.line2,
        ca1_0.phone,
        ca1_0.postal_code,
        ca1_0.recipient_name,
        ca1_0.state,
        ca1_0.updated_at,
        ca1_0.user_id 
    from
        customer_address ca1_0 
    join
        app_user u1_0 
            on u1_0.id=ca1_0.user_id 
    where
        u1_0.id=? 
    order by
        ca1_0.is_default desc,
        ca1_0.created_at desc
2026-08-29T08:03:49.067+03:00 DEBUG 17212 --- [karvya-store] [cat-handler-144] org.hibernate.SQL                        : 
    select
        c1_0.id,
        c1_0.name,
        c1_0.slug,
        c1_0.description,
        c1_0.image_key,
        (select
            count(p1_0.id) 
        from
            product p1_0 
        where
            p1_0.category_id=c1_0.id 
            and p1_0.status='ACTIVE') 
    from
        category c1_0 
    where
        c1_0.active=true 
    order by
        c1_0.display_order,
        c1_0.name
Hibernate: 
    select
        c1_0.id,
        c1_0.name,
        c1_0.slug,
        c1_0.description,
        c1_0.image_key,
        (select
            count(p1_0.id) 
        from
            product p1_0 
        where
            p1_0.category_id=c1_0.id 
            and p1_0.status='ACTIVE') 
    from
        category c1_0 
    where
        c1_0.active=true 
    order by
        c1_0.display_order,
        c1_0.name
2026-08-29T08:03:49.070+03:00 DEBUG 17212 --- [karvya-store] [cat-handler-143] org.hibernate.SQL                        : 
    select
        p1_0.id,
        p1_0.care_instructions,
        p1_0.category_id,
        c1_0.id,
        c1_0.active,
        c1_0.created_at,
        c1_0.description,
        c1_0.display_order,
        c1_0.image_key,
        c1_0.name,
        c1_0.slug,
        c1_0.updated_at,
        c1_0.updated_by,
        p1_0.colour,
        p1_0.created_at,
        p1_0.description,
        p1_0.dimensions,
        p1_0.featured,
        p1_0.low_stock_threshold,
        p1_0.material,
        p1_0.name,
        p1_0.placeholder_content,
        p1_0.price,
        p1_0.short_description,
        p1_0.sku,
        p1_0.slug,
        p1_0.status,
        p1_0.stock_quantity,
        p1_0.updated_at,
        p1_0.updated_by,
        p1_0.version 
    from
        product p1_0 
    join
        category c1_0 
            on c1_0.id=p1_0.category_id 
    where
        1=1 
        and p1_0.status=? 
        and p1_0.featured=? 
    order by
        p1_0.featured desc,
        p1_0.name,
        p1_0.id 
    offset
        ? rows 
    fetch
        first ? rows only
Hibernate: 
    select
        p1_0.id,
        p1_0.care_instructions,
        p1_0.category_id,
        c1_0.id,
        c1_0.active,
        c1_0.created_at,
        c1_0.description,
        c1_0.display_order,
        c1_0.image_key,
        c1_0.name,
        c1_0.slug,
        c1_0.updated_at,
        c1_0.updated_by,
        p1_0.colour,
        p1_0.created_at,
        p1_0.description,
        p1_0.dimensions,
        p1_0.featured,
        p1_0.low_stock_threshold,
        p1_0.material,
        p1_0.name,
        p1_0.placeholder_content,
        p1_0.price,
        p1_0.short_description,
        p1_0.sku,
        p1_0.slug,
        p1_0.status,
        p1_0.stock_quantity,
        p1_0.updated_at,
        p1_0.updated_by,
        p1_0.version 
    from
        product p1_0 
    join
        category c1_0 
            on c1_0.id=p1_0.category_id 
    where
        1=1 
        and p1_0.status=? 
        and p1_0.featured=? 
    order by
        p1_0.featured desc,
        p1_0.name,
        p1_0.id 
    offset
        ? rows 
    fetch
        first ? rows only
2026-08-29T08:03:49.074+03:00 DEBUG 17212 --- [karvya-store] [cat-handler-143] org.hibernate.SQL                        : 
    select
        i1_0.product_id,
        i1_0.id,
        i1_0.alt_text,
        i1_0.bytes,
        i1_0.content_type,
        i1_0.created_at,
        i1_0.display_order,
        i1_0.height,
        i1_0.is_primary,
        i1_0.storage_key,
        i1_0.width 
    from
        product_image i1_0 
    where
        i1_0.product_id = any (?) 
    order by
        i1_0.display_order,
        i1_0.id
Hibernate: 
    select
        i1_0.product_id,
        i1_0.id,
        i1_0.alt_text,
        i1_0.bytes,
        i1_0.content_type,
        i1_0.created_at,
        i1_0.display_order,
        i1_0.height,
        i1_0.is_primary,
        i1_0.storage_key,
        i1_0.width 
    from
        product_image i1_0 
    where
        i1_0.product_id = any (?) 
    order by
        i1_0.display_order,
        i1_0.id
2026-08-29T08:03:53.059+03:00 DEBUG 17212 --- [karvya-store] [   scheduling-1] org.hibernate.SQL                        : 
    select
        en1_0.id,
        en1_0.attempts,
        en1_0.created_at,
        en1_0.last_attempt_at,
        en1_0.last_error,
        en1_0.next_attempt_at,
        en1_0.payload,
        en1_0.recipient,
        en1_0.related_order_id,
        en1_0.sent_at,
        en1_0.status,
        en1_0.subject,
        en1_0.type 
    from
        email_notification en1_0 
    where
        en1_0.status='PENDING' 
        and en1_0.next_attempt_at<=? 
    order by
        en1_0.next_attempt_at 
    fetch
        first ? rows only for no key update skip locked
Hibernate: 
    select
        en1_0.id,
        en1_0.attempts,
        en1_0.created_at,
        en1_0.last_attempt_at,
        en1_0.last_error,
        en1_0.next_attempt_at,
        en1_0.payload,
        en1_0.recipient,
        en1_0.related_order_id,
        en1_0.sent_at,
        en1_0.status,
        en1_0.subject,
        en1_0.type 
    from
        email_notification en1_0 
    where
        en1_0.status='PENDING' 
        and en1_0.next_attempt_at<=? 
    order by
        en1_0.next_attempt_at 
    fetch
        first ? rows only for no key update skip locked
2026-08-29T08:04:08.076+03:00 DEBUG 17212 --- [karvya-store] [   scheduling-1] org.hibernate.SQL                        : 
    select
        en1_0.id,
        en1_0.attempts,
        en1_0.created_at,
        en1_0.last_attempt_at,
        en1_0.last_error,
        en1_0.next_attempt_at,
        en1_0.payload,
        en1_0.recipient,
        en1_0.related_order_id,
        en1_0.sent_at,
        en1_0.status,
        en1_0.subject,
        en1_0.type 
    from
        email_notification en1_0 
    where
        en1_0.status='PENDING' 
        and en1_0.next_attempt_at<=? 
    order by
        en1_0.next_attempt_at 
    fetch
        first ? rows only for no key update skip locked
Hibernate: 
    select
        en1_0.id,
        en1_0.attempts,
        en1_0.created_at,
        en1_0.last_attempt_at,
        en1_0.last_error,
        en1_0.next_attempt_at,
        en1_0.payload,
        en1_0.recipient,
        en1_0.related_order_id,
        en1_0.sent_at,
        en1_0.status,
        en1_0.subject,
        en1_0.type 
    from
        email_notification en1_0 
    where
        en1_0.status='PENDING' 
        and en1_0.next_attempt_at<=? 
    order by
        en1_0.next_attempt_at 
    fetch
        first ? rows only for no key update skip locked
2026-08-29T08:04:23.088+03:00 DEBUG 17212 --- [karvya-store] [   scheduling-1] org.hibernate.SQL                        : 
    select
        en1_0.id,
        en1_0.attempts,
        en1_0.created_at,
        en1_0.last_attempt_at,
        en1_0.last_error,
        en1_0.next_attempt_at,
        en1_0.payload,
        en1_0.recipient,
        en1_0.related_order_id,
        en1_0.sent_at,
        en1_0.status,
        en1_0.subject,
        en1_0.type 
    from
        email_notification en1_0 
    where
        en1_0.status='PENDING' 
        and en1_0.next_attempt_at<=? 
    order by
        en1_0.next_attempt_at 
    fetch
        first ? rows only for no key update skip locked
Hibernate: 
    select
        en1_0.id,
        en1_0.attempts,
        en1_0.created_at,
        en1_0.last_attempt_at,
        en1_0.last_error,
        en1_0.next_attempt_at,
        en1_0.payload,
        en1_0.recipient,
        en1_0.related_order_id,
        en1_0.sent_at,
        en1_0.status,
        en1_0.subject,
        en1_0.type 
    from
        email_notification en1_0 
    where
        en1_0.status='PENDING' 
        and en1_0.next_attempt_at<=? 
    order by
        en1_0.next_attempt_at 
    fetch
        first ? rows only for no key update skip locked
2026-08-29T08:04:38.104+03:00 DEBUG 17212 --- [karvya-store] [   scheduling-1] org.hibernate.SQL                        : 
    select
        en1_0.id,
        en1_0.attempts,
        en1_0.created_at,
        en1_0.last_attempt_at,
        en1_0.last_error,
        en1_0.next_attempt_at,
        en1_0.payload,
        en1_0.recipient,
        en1_0.related_order_id,
        en1_0.sent_at,
        en1_0.status,
        en1_0.subject,
        en1_0.type 
    from
        email_notification en1_0 
    where
        en1_0.status='PENDING' 
        and en1_0.next_attempt_at<=? 
    order by
        en1_0.next_attempt_at 
    fetch
        first ? rows only for no key update skip locked
Hibernate: 
    select
        en1_0.id,
        en1_0.attempts,
        en1_0.created_at,
        en1_0.last_attempt_at,
        en1_0.last_error,
        en1_0.next_attempt_at,
        en1_0.payload,
        en1_0.recipient,
        en1_0.related_order_id,
        en1_0.sent_at,
        en1_0.status,
        en1_0.subject,
        en1_0.type 
    from
        email_notification en1_0 
    where
        en1_0.status='PENDING' 
        and en1_0.next_attempt_at<=? 
    order by
        en1_0.next_attempt_at 
    fetch
        first ? rows only for no key update skip locked
2026-08-29T08:04:53.122+03:00 DEBUG 17212 --- [karvya-store] [   scheduling-1] org.hibernate.SQL                        : 
    select
        en1_0.id,
        en1_0.attempts,
        en1_0.created_at,
        en1_0.last_attempt_at,
        en1_0.last_error,
        en1_0.next_attempt_at,
        en1_0.payload,
        en1_0.recipient,
        en1_0.related_order_id,
        en1_0.sent_at,
        en1_0.status,
        en1_0.subject,
        en1_0.type 
    from
        email_notification en1_0 
    where
        en1_0.status='PENDING' 
        and en1_0.next_attempt_at<=? 
    order by
        en1_0.next_attempt_at 
    fetch
        first ? rows only for no key update skip locked
Hibernate: 
    select
        en1_0.id,
        en1_0.attempts,
        en1_0.created_at,
        en1_0.last_attempt_at,
        en1_0.last_error,
        en1_0.next_attempt_at,
        en1_0.payload,
        en1_0.recipient,
        en1_0.related_order_id,
        en1_0.sent_at,
        en1_0.status,
        en1_0.subject,
        en1_0.type 
    from
        email_notification en1_0 
    where
        en1_0.status='PENDING' 
        and en1_0.next_attempt_at<=? 
    order by
        en1_0.next_attempt_at 
    fetch
        first ? rows only for no key update skip locked
2026-08-29T08:05:08.130+03:00 DEBUG 17212 --- [karvya-store] [   scheduling-1] org.hibernate.SQL                        : 
    select
        en1_0.id,
        en1_0.attempts,
        en1_0.created_at,
        en1_0.last_attempt_at,
        en1_0.last_error,
        en1_0.next_attempt_at,
        en1_0.payload,
        en1_0.recipient,
        en1_0.related_order_id,
        en1_0.sent_at,
        en1_0.status,
        en1_0.subject,
        en1_0.type 
    from
        email_notification en1_0 
    where
        en1_0.status='PENDING' 
        and en1_0.next_attempt_at<=? 
    order by
        en1_0.next_attempt_at 
    fetch
        first ? rows only for no key update skip locked
Hibernate: 
    select
        en1_0.id,
        en1_0.attempts,
        en1_0.created_at,
        en1_0.last_attempt_at,
        en1_0.last_error,
        en1_0.next_attempt_at,
        en1_0.payload,
        en1_0.recipient,
        en1_0.related_order_id,
        en1_0.sent_at,
        en1_0.status,
        en1_0.subject,
        en1_0.type 
    from
        email_notification en1_0 
    where
        en1_0.status='PENDING' 
        and en1_0.next_attempt_at<=? 
    order by
        en1_0.next_attempt_at 
    fetch
        first ? rows only for no key update skip locked
2026-08-29T08:05:23.143+03:00 DEBUG 17212 --- [karvya-store] [   scheduling-1] org.hibernate.SQL                        : 
    select
        en1_0.id,
        en1_0.attempts,
        en1_0.created_at,
        en1_0.last_attempt_at,
        en1_0.last_error,
        en1_0.next_attempt_at,
        en1_0.payload,
        en1_0.recipient,
        en1_0.related_order_id,
        en1_0.sent_at,
        en1_0.status,
        en1_0.subject,
        en1_0.type 
    from
        email_notification en1_0 
    where
        en1_0.status='PENDING' 
        and en1_0.next_attempt_at<=? 
    order by
        en1_0.next_attempt_at 
    fetch
        first ? rows only for no key update skip locked
Hibernate: 
    select
        en1_0.id,
        en1_0.attempts,
        en1_0.created_at,
        en1_0.last_attempt_at,
        en1_0.last_error,
        en1_0.next_attempt_at,
        en1_0.payload,
        en1_0.recipient,
        en1_0.related_order_id,
        en1_0.sent_at,
        en1_0.status,
        en1_0.subject,
        en1_0.type 
    from
        email_notification en1_0 
    where
        en1_0.status='PENDING' 
        and en1_0.next_attempt_at<=? 
    order by
        en1_0.next_attempt_at 
    fetch
        first ? rows only for no key update skip locked
2026-08-29T08:05:38.151+03:00 DEBUG 17212 --- [karvya-store] [   scheduling-1] org.hibernate.SQL                        : 
    select
        en1_0.id,
        en1_0.attempts,
        en1_0.created_at,
        en1_0.last_attempt_at,
        en1_0.last_error,
        en1_0.next_attempt_at,
        en1_0.payload,
        en1_0.recipient,
        en1_0.related_order_id,
        en1_0.sent_at,
        en1_0.status,
        en1_0.subject,
        en1_0.type 
    from
        email_notification en1_0 
    where
        en1_0.status='PENDING' 
        and en1_0.next_attempt_at<=? 
    order by
        en1_0.next_attempt_at 
    fetch
        first ? rows only for no key update skip locked
Hibernate: 
    select
        en1_0.id,
        en1_0.attempts,
        en1_0.created_at,
        en1_0.last_attempt_at,
        en1_0.last_error,
        en1_0.next_attempt_at,
        en1_0.payload,
        en1_0.recipient,
        en1_0.related_order_id,
        en1_0.sent_at,
        en1_0.status,
        en1_0.subject,
        en1_0.type 
    from
        email_notification en1_0 
    where
        en1_0.status='PENDING' 
        and en1_0.next_attempt_at<=? 
    order by
        en1_0.next_attempt_at 
    fetch
        first ? rows only for no key update skip locked
2026-08-29T08:05:53.156+03:00 DEBUG 17212 --- [karvya-store] [   scheduling-1] org.hibernate.SQL                        : 
    select
        en1_0.id,
        en1_0.attempts,
        en1_0.created_at,
        en1_0.last_attempt_at,
        en1_0.last_error,
        en1_0.next_attempt_at,
        en1_0.payload,
        en1_0.recipient,
        en1_0.related_order_id,
        en1_0.sent_at,
        en1_0.status,
        en1_0.subject,
        en1_0.type 
    from
        email_notification en1_0 
    where
        en1_0.status='PENDING' 
        and en1_0.next_attempt_at<=? 
    order by
        en1_0.next_attempt_at 
    fetch
        first ? rows only for no key update skip locked
Hibernate: 
    select
        en1_0.id,
        en1_0.attempts,
        en1_0.created_at,
        en1_0.last_attempt_at,
        en1_0.last_error,
        en1_0.next_attempt_at,
        en1_0.payload,
        en1_0.recipient,
        en1_0.related_order_id,
        en1_0.sent_at,
        en1_0.status,
        en1_0.subject,
        en1_0.type 
    from
        email_notification en1_0 
    where
        en1_0.status='PENDING' 
        and en1_0.next_attempt_at<=? 
    order by
        en1_0.next_attempt_at 
    fetch
        first ? rows only for no key update skip locked
2026-08-29T08:06:08.165+03:00 DEBUG 17212 --- [karvya-store] [   scheduling-1] org.hibernate.SQL                        : 
    select
        en1_0.id,
        en1_0.attempts,
        en1_0.created_at,
        en1_0.last_attempt_at,
        en1_0.last_error,
        en1_0.next_attempt_at,
        en1_0.payload,
        en1_0.recipient,
        en1_0.related_order_id,
        en1_0.sent_at,
        en1_0.status,
        en1_0.subject,
        en1_0.type 
    from
        email_notification en1_0 
    where
        en1_0.status='PENDING' 
        and en1_0.next_attempt_at<=? 
    order by
        en1_0.next_attempt_at 
    fetch
        first ? rows only for no key update skip locked
Hibernate: 
    select
        en1_0.id,
        en1_0.attempts,
        en1_0.created_at,
        en1_0.last_attempt_at,
        en1_0.last_error,
        en1_0.next_attempt_at,
        en1_0.payload,
        en1_0.recipient,
        en1_0.related_order_id,
        en1_0.sent_at,
        en1_0.status,
        en1_0.subject,
        en1_0.type 
    from
        email_notification en1_0 
    where
        en1_0.status='PENDING' 
        and en1_0.next_attempt_at<=? 
    order by
        en1_0.next_attempt_at 
    fetch
        first ? rows only for no key update skip locked
2026-08-29T08:06:23.173+03:00 DEBUG 17212 --- [karvya-store] [   scheduling-1] org.hibernate.SQL                        : 
    select
        en1_0.id,
        en1_0.attempts,
        en1_0.created_at,
        en1_0.last_attempt_at,
        en1_0.last_error,
        en1_0.next_attempt_at,
        en1_0.payload,
        en1_0.recipient,
        en1_0.related_order_id,
        en1_0.sent_at,
        en1_0.status,
        en1_0.subject,
        en1_0.type 
    from
        email_notification en1_0 
    where
        en1_0.status='PENDING' 
        and en1_0.next_attempt_at<=? 
    order by
        en1_0.next_attempt_at 
    fetch
        first ? rows only for no key update skip locked
Hibernate: 
    select
        en1_0.id,
        en1_0.attempts,
        en1_0.created_at,
        en1_0.last_attempt_at,
        en1_0.last_error,
        en1_0.next_attempt_at,
        en1_0.payload,
        en1_0.recipient,
        en1_0.related_order_id,
        en1_0.sent_at,
        en1_0.status,
        en1_0.subject,
        en1_0.type 
    from
        email_notification en1_0 
    where
        en1_0.status='PENDING' 
        and en1_0.next_attempt_at<=? 
    order by
        en1_0.next_attempt_at 
    fetch
        first ? rows only for no key update skip locked
2026-08-29T08:06:38.194+03:00 DEBUG 17212 --- [karvya-store] [   scheduling-1] org.hibernate.SQL                        : 
    select
        en1_0.id,
        en1_0.attempts,
        en1_0.created_at,
        en1_0.last_attempt_at,
        en1_0.last_error,
        en1_0.next_attempt_at,
        en1_0.payload,
        en1_0.recipient,
        en1_0.related_order_id,
        en1_0.sent_at,
        en1_0.status,
        en1_0.subject,
        en1_0.type 
    from
        email_notification en1_0 
    where
        en1_0.status='PENDING' 
        and en1_0.next_attempt_at<=? 
    order by
        en1_0.next_attempt_at 
    fetch
        first ? rows only for no key update skip locked
Hibernate: 
    select
        en1_0.id,
        en1_0.attempts,
        en1_0.created_at,
        en1_0.last_attempt_at,
        en1_0.last_error,
        en1_0.next_attempt_at,
        en1_0.payload,
        en1_0.recipient,
        en1_0.related_order_id,
        en1_0.sent_at,
        en1_0.status,
        en1_0.subject,
        en1_0.type 
    from
        email_notification en1_0 
    where
        en1_0.status='PENDING' 
        and en1_0.next_attempt_at<=? 
    order by
        en1_0.next_attempt_at 
    fetch
        first ? rows only for no key update skip locked
2026-08-29T08:06:53.216+03:00 DEBUG 17212 --- [karvya-store] [   scheduling-1] org.hibernate.SQL                        : 
    select
        en1_0.id,
        en1_0.attempts,
        en1_0.created_at,
        en1_0.last_attempt_at,
        en1_0.last_error,
        en1_0.next_attempt_at,
        en1_0.payload,
        en1_0.recipient,
        en1_0.related_order_id,
        en1_0.sent_at,
        en1_0.status,
        en1_0.subject,
        en1_0.type 
    from
        email_notification en1_0 
    where
        en1_0.status='PENDING' 
        and en1_0.next_attempt_at<=? 
    order by
        en1_0.next_attempt_at 
    fetch
        first ? rows only for no key update skip locked
Hibernate: 
    select
        en1_0.id,
        en1_0.attempts,
        en1_0.created_at,
        en1_0.last_attempt_at,
        en1_0.last_error,
        en1_0.next_attempt_at,
        en1_0.payload,
        en1_0.recipient,
        en1_0.related_order_id,
        en1_0.sent_at,
        en1_0.status,
        en1_0.subject,
        en1_0.type 
    from
        email_notification en1_0 
    where
        en1_0.status='PENDING' 
        and en1_0.next_attempt_at<=? 
    order by
        en1_0.next_attempt_at 
    fetch
        first ? rows only for no key update skip locked
2026-08-29T08:07:08.236+03:00 DEBUG 17212 --- [karvya-store] [   scheduling-1] org.hibernate.SQL                        : 
    select
        en1_0.id,
        en1_0.attempts,
        en1_0.created_at,
        en1_0.last_attempt_at,
        en1_0.last_error,
        en1_0.next_attempt_at,
        en1_0.payload,
        en1_0.recipient,
        en1_0.related_order_id,
        en1_0.sent_at,
        en1_0.status,
        en1_0.subject,
        en1_0.type 
    from
        email_notification en1_0 
    where
        en1_0.status='PENDING' 
        and en1_0.next_attempt_at<=? 
    order by
        en1_0.next_attempt_at 
    fetch
        first ? rows only for no key update skip locked
Hibernate: 
    select
        en1_0.id,
        en1_0.attempts,
        en1_0.created_at,
        en1_0.last_attempt_at,
        en1_0.last_error,
        en1_0.next_attempt_at,
        en1_0.payload,
        en1_0.recipient,
        en1_0.related_order_id,
        en1_0.sent_at,
        en1_0.status,
        en1_0.subject,
        en1_0.type 
    from
        email_notification en1_0 
    where
        en1_0.status='PENDING' 
        and en1_0.next_attempt_at<=? 
    order by
        en1_0.next_attempt_at 
    fetch
        first ? rows only for no key update skip locked
2026-08-29T08:07:23.258+03:00 DEBUG 17212 --- [karvya-store] [   scheduling-1] org.hibernate.SQL                        : 
    select
        en1_0.id,
        en1_0.attempts,
        en1_0.created_at,
        en1_0.last_attempt_at,
        en1_0.last_error,
        en1_0.next_attempt_at,
        en1_0.payload,
        en1_0.recipient,
        en1_0.related_order_id,
        en1_0.sent_at,
        en1_0.status,
        en1_0.subject,
        en1_0.type 
    from
        email_notification en1_0 
    where
        en1_0.status='PENDING' 
        and en1_0.next_attempt_at<=? 
    order by
        en1_0.next_attempt_at 
    fetch
        first ? rows only for no key update skip locked
Hibernate: 
    select
        en1_0.id,
        en1_0.attempts,
        en1_0.created_at,
        en1_0.last_attempt_at,
        en1_0.last_error,
        en1_0.next_attempt_at,
        en1_0.payload,
        en1_0.recipient,
        en1_0.related_order_id,
        en1_0.sent_at,
        en1_0.status,
        en1_0.subject,
        en1_0.type 
    from
        email_notification en1_0 
    where
        en1_0.status='PENDING' 
        and en1_0.next_attempt_at<=? 
    order by
        en1_0.next_attempt_at 
    fetch
        first ? rows only for no key update skip locked
2026-08-29T08:07:38.265+03:00 DEBUG 17212 --- [karvya-store] [   scheduling-1] org.hibernate.SQL                        : 
    select
        en1_0.id,
        en1_0.attempts,
        en1_0.created_at,
        en1_0.last_attempt_at,
        en1_0.last_error,
        en1_0.next_attempt_at,
        en1_0.payload,
        en1_0.recipient,
        en1_0.related_order_id,
        en1_0.sent_at,
        en1_0.status,
        en1_0.subject,
        en1_0.type 
    from
        email_notification en1_0 
    where
        en1_0.status='PENDING' 
        and en1_0.next_attempt_at<=? 
    order by
        en1_0.next_attempt_at 
    fetch
        first ? rows only for no key update skip locked
Hibernate: 
    select
        en1_0.id,
        en1_0.attempts,
        en1_0.created_at,
        en1_0.last_attempt_at,
        en1_0.last_error,
        en1_0.next_attempt_at,
        en1_0.payload,
        en1_0.recipient,
        en1_0.related_order_id,
        en1_0.sent_at,
        en1_0.status,
        en1_0.subject,
        en1_0.type 
    from
        email_notification en1_0 
    where
        en1_0.status='PENDING' 
        and en1_0.next_attempt_at<=? 
    order by
        en1_0.next_attempt_at 
    fetch
        first ? rows only for no key update skip locked
2026-08-29T08:07:53.280+03:00 DEBUG 17212 --- [karvya-store] [   scheduling-1] org.hibernate.SQL                        : 
    select
        en1_0.id,
        en1_0.attempts,
        en1_0.created_at,
        en1_0.last_attempt_at,
        en1_0.last_error,
        en1_0.next_attempt_at,
        en1_0.payload,
        en1_0.recipient,
        en1_0.related_order_id,
        en1_0.sent_at,
        en1_0.status,
        en1_0.subject,
        en1_0.type 
    from
        email_notification en1_0 
    where
        en1_0.status='PENDING' 
        and en1_0.next_attempt_at<=? 
    order by
        en1_0.next_attempt_at 
    fetch
        first ? rows only for no key update skip locked
Hibernate: 
    select
        en1_0.id,
        en1_0.attempts,
        en1_0.created_at,
        en1_0.last_attempt_at,
        en1_0.last_error,
        en1_0.next_attempt_at,
        en1_0.payload,
        en1_0.recipient,
        en1_0.related_order_id,
        en1_0.sent_at,
        en1_0.status,
        en1_0.subject,
        en1_0.type 
    from
        email_notification en1_0 
    where
        en1_0.status='PENDING' 
        and en1_0.next_attempt_at<=? 
    order by
        en1_0.next_attempt_at 
    fetch
        first ? rows only for no key update skip locked
2026-08-29T08:08:08.300+03:00 DEBUG 17212 --- [karvya-store] [   scheduling-1] org.hibernate.SQL                        : 
    select
        en1_0.id,
        en1_0.attempts,
        en1_0.created_at,
        en1_0.last_attempt_at,
        en1_0.last_error,
        en1_0.next_attempt_at,
        en1_0.payload,
        en1_0.recipient,
        en1_0.related_order_id,
        en1_0.sent_at,
        en1_0.status,
        en1_0.subject,
        en1_0.type 
    from
        email_notification en1_0 
    where
        en1_0.status='PENDING' 
        and en1_0.next_attempt_at<=? 
    order by
        en1_0.next_attempt_at 
    fetch
        first ? rows only for no key update skip locked
Hibernate: 
    select
        en1_0.id,
        en1_0.attempts,
        en1_0.created_at,
        en1_0.last_attempt_at,
        en1_0.last_error,
        en1_0.next_attempt_at,
        en1_0.payload,
        en1_0.recipient,
        en1_0.related_order_id,
        en1_0.sent_at,
        en1_0.status,
        en1_0.subject,
        en1_0.type 
    from
        email_notification en1_0 
    where
        en1_0.status='PENDING' 
        and en1_0.next_attempt_at<=? 
    order by
        en1_0.next_attempt_at 
    fetch
        first ? rows only for no key update skip locked
2026-08-29T08:08:23.306+03:00 DEBUG 17212 --- [karvya-store] [   scheduling-1] org.hibernate.SQL                        : 
    select
        en1_0.id,
        en1_0.attempts,
        en1_0.created_at,
        en1_0.last_attempt_at,
        en1_0.last_error,
        en1_0.next_attempt_at,
        en1_0.payload,
        en1_0.recipient,
        en1_0.related_order_id,
        en1_0.sent_at,
        en1_0.status,
        en1_0.subject,
        en1_0.type 
    from
        email_notification en1_0 
    where
        en1_0.status='PENDING' 
        and en1_0.next_attempt_at<=? 
    order by
        en1_0.next_attempt_at 
    fetch
        first ? rows only for no key update skip locked
Hibernate: 
    select
        en1_0.id,
        en1_0.attempts,
        en1_0.created_at,
        en1_0.last_attempt_at,
        en1_0.last_error,
        en1_0.next_attempt_at,
        en1_0.payload,
        en1_0.recipient,
        en1_0.related_order_id,
        en1_0.sent_at,
        en1_0.status,
        en1_0.subject,
        en1_0.type 
    from
        email_notification en1_0 
    where
        en1_0.status='PENDING' 
        and en1_0.next_attempt_at<=? 
    order by
        en1_0.next_attempt_at 
    fetch
        first ? rows only for no key update skip locked
2026-08-29T08:08:38.324+03:00 DEBUG 17212 --- [karvya-store] [   scheduling-1] org.hibernate.SQL                        : 
    select
        en1_0.id,
        en1_0.attempts,
        en1_0.created_at,
        en1_0.last_attempt_at,
        en1_0.last_error,
        en1_0.next_attempt_at,
        en1_0.payload,
        en1_0.recipient,
        en1_0.related_order_id,
        en1_0.sent_at,
        en1_0.status,
        en1_0.subject,
        en1_0.type 
    from
        email_notification en1_0 
    where
        en1_0.status='PENDING' 
        and en1_0.next_attempt_at<=? 
    order by
        en1_0.next_attempt_at 
    fetch
        first ? rows only for no key update skip locked
Hibernate: 
    select
        en1_0.id,
        en1_0.attempts,
        en1_0.created_at,
        en1_0.last_attempt_at,
        en1_0.last_error,
        en1_0.next_attempt_at,
        en1_0.payload,
        en1_0.recipient,
        en1_0.related_order_id,
        en1_0.sent_at,
        en1_0.status,
        en1_0.subject,
        en1_0.type 
    from
        email_notification en1_0 
    where
        en1_0.status='PENDING' 
        and en1_0.next_attempt_at<=? 
    order by
        en1_0.next_attempt_at 
    fetch
        first ? rows only for no key update skip locked
2026-08-29T08:08:53.343+03:00 DEBUG 17212 --- [karvya-store] [   scheduling-1] org.hibernate.SQL                        : 
    select
        en1_0.id,
        en1_0.attempts,
        en1_0.created_at,
        en1_0.last_attempt_at,
        en1_0.last_error,
        en1_0.next_attempt_at,
        en1_0.payload,
        en1_0.recipient,
        en1_0.related_order_id,
        en1_0.sent_at,
        en1_0.status,
        en1_0.subject,
        en1_0.type 
    from
        email_notification en1_0 
    where
        en1_0.status='PENDING' 
        and en1_0.next_attempt_at<=? 
    order by
        en1_0.next_attempt_at 
    fetch
        first ? rows only for no key update skip locked
Hibernate: 
    select
        en1_0.id,
        en1_0.attempts,
        en1_0.created_at,
        en1_0.last_attempt_at,
        en1_0.last_error,
        en1_0.next_attempt_at,
        en1_0.payload,
        en1_0.recipient,
        en1_0.related_order_id,
        en1_0.sent_at,
        en1_0.status,
        en1_0.subject,
        en1_0.type 
    from
        email_notification en1_0 
    where
        en1_0.status='PENDING' 
        and en1_0.next_attempt_at<=? 
    order by
        en1_0.next_attempt_at 
    fetch
        first ? rows only for no key update skip locked
2026-08-29T08:09:08.352+03:00 DEBUG 17212 --- [karvya-store] [   scheduling-1] org.hibernate.SQL                        : 
    select
        en1_0.id,
        en1_0.attempts,
        en1_0.created_at,
        en1_0.last_attempt_at,
        en1_0.last_error,
        en1_0.next_attempt_at,
        en1_0.payload,
        en1_0.recipient,
        en1_0.related_order_id,
        en1_0.sent_at,
        en1_0.status,
        en1_0.subject,
        en1_0.type 
    from
        email_notification en1_0 
    where
        en1_0.status='PENDING' 
        and en1_0.next_attempt_at<=? 
    order by
        en1_0.next_attempt_at 
    fetch
        first ? rows only for no key update skip locked
Hibernate: 
    select
        en1_0.id,
        en1_0.attempts,
        en1_0.created_at,
        en1_0.last_attempt_at,
        en1_0.last_error,
        en1_0.next_attempt_at,
        en1_0.payload,
        en1_0.recipient,
        en1_0.related_order_id,
        en1_0.sent_at,
        en1_0.status,
        en1_0.subject,
        en1_0.type 
    from
        email_notification en1_0 
    where
        en1_0.status='PENDING' 
        and en1_0.next_attempt_at<=? 
    order by
        en1_0.next_attempt_at 
    fetch
        first ? rows only for no key update skip locked
2026-08-29T08:09:09.820+03:00 DEBUG 17212 --- [karvya-store] [cat-handler-146] org.hibernate.SQL                        : 
    select
        c1_0.id,
        c1_0.name,
        c1_0.slug,
        c1_0.description,
        c1_0.image_key,
        (select
            count(p1_0.id) 
        from
            product p1_0 
        where
            p1_0.category_id=c1_0.id 
            and p1_0.status='ACTIVE') 
    from
        category c1_0 
    where
        c1_0.active=true 
    order by
        c1_0.display_order,
        c1_0.name
Hibernate: 
    select
        c1_0.id,
        c1_0.name,
        c1_0.slug,
        c1_0.description,
        c1_0.image_key,
        (select
            count(p1_0.id) 
        from
            product p1_0 
        where
            p1_0.category_id=c1_0.id 
            and p1_0.status='ACTIVE') 
    from
        category c1_0 
    where
        c1_0.active=true 
    order by
        c1_0.display_order,
        c1_0.name
2026-08-29T08:09:09.823+03:00 DEBUG 17212 --- [karvya-store] [cat-handler-145] org.hibernate.SQL                        : 
    select
        p1_0.id,
        p1_0.care_instructions,
        p1_0.category_id,
        c1_0.id,
        c1_0.active,
        c1_0.created_at,
        c1_0.description,
        c1_0.display_order,
        c1_0.image_key,
        c1_0.name,
        c1_0.slug,
        c1_0.updated_at,
        c1_0.updated_by,
        p1_0.colour,
        p1_0.created_at,
        p1_0.description,
        p1_0.dimensions,
        p1_0.featured,
        p1_0.low_stock_threshold,
        p1_0.material,
        p1_0.name,
        p1_0.placeholder_content,
        p1_0.price,
        p1_0.short_description,
        p1_0.sku,
        p1_0.slug,
        p1_0.status,
        p1_0.stock_quantity,
        p1_0.updated_at,
        p1_0.updated_by,
        p1_0.version 
    from
        product p1_0 
    join
        category c1_0 
            on c1_0.id=p1_0.category_id 
    where
        1=1 
        and p1_0.status=? 
        and p1_0.featured=? 
    order by
        p1_0.featured desc,
        p1_0.name,
        p1_0.id 
    offset
        ? rows 
    fetch
        first ? rows only
Hibernate: 
    select
        p1_0.id,
        p1_0.care_instructions,
        p1_0.category_id,
        c1_0.id,
        c1_0.active,
        c1_0.created_at,
        c1_0.description,
        c1_0.display_order,
        c1_0.image_key,
        c1_0.name,
        c1_0.slug,
        c1_0.updated_at,
        c1_0.updated_by,
        p1_0.colour,
        p1_0.created_at,
        p1_0.description,
        p1_0.dimensions,
        p1_0.featured,
        p1_0.low_stock_threshold,
        p1_0.material,
        p1_0.name,
        p1_0.placeholder_content,
        p1_0.price,
        p1_0.short_description,
        p1_0.sku,
        p1_0.slug,
        p1_0.status,
        p1_0.stock_quantity,
        p1_0.updated_at,
        p1_0.updated_by,
        p1_0.version 
    from
        product p1_0 
    join
        category c1_0 
            on c1_0.id=p1_0.category_id 
    where
        1=1 
        and p1_0.status=? 
        and p1_0.featured=? 
    order by
        p1_0.featured desc,
        p1_0.name,
        p1_0.id 
    offset
        ? rows 
    fetch
        first ? rows only
2026-08-29T08:09:09.827+03:00 DEBUG 17212 --- [karvya-store] [cat-handler-145] org.hibernate.SQL                        : 
    select
        i1_0.product_id,
        i1_0.id,
        i1_0.alt_text,
        i1_0.bytes,
        i1_0.content_type,
        i1_0.created_at,
        i1_0.display_order,
        i1_0.height,
        i1_0.is_primary,
        i1_0.storage_key,
        i1_0.width 
    from
        product_image i1_0 
    where
        i1_0.product_id = any (?) 
    order by
        i1_0.display_order,
        i1_0.id
Hibernate: 
    select
        i1_0.product_id,
        i1_0.id,
        i1_0.alt_text,
        i1_0.bytes,
        i1_0.content_type,
        i1_0.created_at,
        i1_0.display_order,
        i1_0.height,
        i1_0.is_primary,
        i1_0.storage_key,
        i1_0.width 
    from
        product_image i1_0 
    where
        i1_0.product_id = any (?) 
    order by
        i1_0.display_order,
        i1_0.id
2026-08-29T08:09:23.373+03:00 DEBUG 17212 --- [karvya-store] [   scheduling-1] org.hibernate.SQL                        : 
    select
        en1_0.id,
        en1_0.attempts,
        en1_0.created_at,
        en1_0.last_attempt_at,
        en1_0.last_error,
        en1_0.next_attempt_at,
        en1_0.payload,
        en1_0.recipient,
        en1_0.related_order_id,
        en1_0.sent_at,
        en1_0.status,
        en1_0.subject,
        en1_0.type 
    from
        email_notification en1_0 
    where
        en1_0.status='PENDING' 
        and en1_0.next_attempt_at<=? 
    order by
        en1_0.next_attempt_at 
    fetch
        first ? rows only for no key update skip locked
Hibernate: 
    select
        en1_0.id,
        en1_0.attempts,
        en1_0.created_at,
        en1_0.last_attempt_at,
        en1_0.last_error,
        en1_0.next_attempt_at,
        en1_0.payload,
        en1_0.recipient,
        en1_0.related_order_id,
        en1_0.sent_at,
        en1_0.status,
        en1_0.subject,
        en1_0.type 
    from
        email_notification en1_0 
    where
        en1_0.status='PENDING' 
        and en1_0.next_attempt_at<=? 
    order by
        en1_0.next_attempt_at 
    fetch
        first ? rows only for no key update skip locked
2026-08-29T08:09:38.394+03:00 DEBUG 17212 --- [karvya-store] [   scheduling-1] org.hibernate.SQL                        : 
    select
        en1_0.id,
        en1_0.attempts,
        en1_0.created_at,
        en1_0.last_attempt_at,
        en1_0.last_error,
        en1_0.next_attempt_at,
        en1_0.payload,
        en1_0.recipient,
        en1_0.related_order_id,
        en1_0.sent_at,
        en1_0.status,
        en1_0.subject,
        en1_0.type 
    from
        email_notification en1_0 
    where
        en1_0.status='PENDING' 
        and en1_0.next_attempt_at<=? 
    order by
        en1_0.next_attempt_at 
    fetch
        first ? rows only for no key update skip locked
Hibernate: 
    select
        en1_0.id,
        en1_0.attempts,
        en1_0.created_at,
        en1_0.last_attempt_at,
        en1_0.last_error,
        en1_0.next_attempt_at,
        en1_0.payload,
        en1_0.recipient,
        en1_0.related_order_id,
        en1_0.sent_at,
        en1_0.status,
        en1_0.subject,
        en1_0.type 
    from
        email_notification en1_0 
    where
        en1_0.status='PENDING' 
        and en1_0.next_attempt_at<=? 
    order by
        en1_0.next_attempt_at 
    fetch
        first ? rows only for no key update skip locked
2026-08-29T08:09:53.412+03:00 DEBUG 17212 --- [karvya-store] [   scheduling-1] org.hibernate.SQL                        : 
    select
        en1_0.id,
        en1_0.attempts,
        en1_0.created_at,
        en1_0.last_attempt_at,
        en1_0.last_error,
        en1_0.next_attempt_at,
        en1_0.payload,
        en1_0.recipient,
        en1_0.related_order_id,
        en1_0.sent_at,
        en1_0.status,
        en1_0.subject,
        en1_0.type 
    from
        email_notification en1_0 
    where
        en1_0.status='PENDING' 
        and en1_0.next_attempt_at<=? 
    order by
        en1_0.next_attempt_at 
    fetch
        first ? rows only for no key update skip locked
Hibernate: 
    select
        en1_0.id,
        en1_0.attempts,
        en1_0.created_at,
        en1_0.last_attempt_at,
        en1_0.last_error,
        en1_0.next_attempt_at,
        en1_0.payload,
        en1_0.recipient,
        en1_0.related_order_id,
        en1_0.sent_at,
        en1_0.status,
        en1_0.subject,
        en1_0.type 
    from
        email_notification en1_0 
    where
        en1_0.status='PENDING' 
        and en1_0.next_attempt_at<=? 
    order by
        en1_0.next_attempt_at 
    fetch
        first ? rows only for no key update skip locked
2026-08-29T08:10:08.428+03:00 DEBUG 17212 --- [karvya-store] [   scheduling-1] org.hibernate.SQL                        : 
    select
        en1_0.id,
        en1_0.attempts,
        en1_0.created_at,
        en1_0.last_attempt_at,
        en1_0.last_error,
        en1_0.next_attempt_at,
        en1_0.payload,
        en1_0.recipient,
        en1_0.related_order_id,
        en1_0.sent_at,
        en1_0.status,
        en1_0.subject,
        en1_0.type 
    from
        email_notification en1_0 
    where
        en1_0.status='PENDING' 
        and en1_0.next_attempt_at<=? 
    order by
        en1_0.next_attempt_at 
    fetch
        first ? rows only for no key update skip locked
Hibernate: 
    select
        en1_0.id,
        en1_0.attempts,
        en1_0.created_at,
        en1_0.last_attempt_at,
        en1_0.last_error,
        en1_0.next_attempt_at,
        en1_0.payload,
        en1_0.recipient,
        en1_0.related_order_id,
        en1_0.sent_at,
        en1_0.status,
        en1_0.subject,
        en1_0.type 
    from
        email_notification en1_0 
    where
        en1_0.status='PENDING' 
        and en1_0.next_attempt_at<=? 
    order by
        en1_0.next_attempt_at 
    fetch
        first ? rows only for no key update skip locked
2026-08-29T08:10:23.443+03:00 DEBUG 17212 --- [karvya-store] [   scheduling-1] org.hibernate.SQL                        : 
    select
        en1_0.id,
        en1_0.attempts,
        en1_0.created_at,
        en1_0.last_attempt_at,
        en1_0.last_error,
        en1_0.next_attempt_at,
        en1_0.payload,
        en1_0.recipient,
        en1_0.related_order_id,
        en1_0.sent_at,
        en1_0.status,
        en1_0.subject,
        en1_0.type 
    from
        email_notification en1_0 
    where
        en1_0.status='PENDING' 
        and en1_0.next_attempt_at<=? 
    order by
        en1_0.next_attempt_at 
    fetch
        first ? rows only for no key update skip locked
Hibernate: 
    select
        en1_0.id,
        en1_0.attempts,
        en1_0.created_at,
        en1_0.last_attempt_at,
        en1_0.last_error,
        en1_0.next_attempt_at,
        en1_0.payload,
        en1_0.recipient,
        en1_0.related_order_id,
        en1_0.sent_at,
        en1_0.status,
        en1_0.subject,
        en1_0.type 
    from
        email_notification en1_0 
    where
        en1_0.status='PENDING' 
        and en1_0.next_attempt_at<=? 
    order by
        en1_0.next_attempt_at 
    fetch
        first ? rows only for no key update skip locked
2026-08-29T08:10:38.465+03:00 DEBUG 17212 --- [karvya-store] [   scheduling-1] org.hibernate.SQL                        : 
    select
        en1_0.id,
        en1_0.attempts,
        en1_0.created_at,
        en1_0.last_attempt_at,
        en1_0.last_error,
        en1_0.next_attempt_at,
        en1_0.payload,
        en1_0.recipient,
        en1_0.related_order_id,
        en1_0.sent_at,
        en1_0.status,
        en1_0.subject,
        en1_0.type 
    from
        email_notification en1_0 
    where
        en1_0.status='PENDING' 
        and en1_0.next_attempt_at<=? 
    order by
        en1_0.next_attempt_at 
    fetch
        first ? rows only for no key update skip locked
Hibernate: 
    select
        en1_0.id,
        en1_0.attempts,
        en1_0.created_at,
        en1_0.last_attempt_at,
        en1_0.last_error,
        en1_0.next_attempt_at,
        en1_0.payload,
        en1_0.recipient,
        en1_0.related_order_id,
        en1_0.sent_at,
        en1_0.status,
        en1_0.subject,
        en1_0.type 
    from
        email_notification en1_0 
    where
        en1_0.status='PENDING' 
        and en1_0.next_attempt_at<=? 
    order by
        en1_0.next_attempt_at 
    fetch
        first ? rows only for no key update skip locked
2026-08-29T08:10:53.478+03:00 DEBUG 17212 --- [karvya-store] [   scheduling-1] org.hibernate.SQL                        : 
    select
        en1_0.id,
        en1_0.attempts,
        en1_0.created_at,
        en1_0.last_attempt_at,
        en1_0.last_error,
        en1_0.next_attempt_at,
        en1_0.payload,
        en1_0.recipient,
        en1_0.related_order_id,
        en1_0.sent_at,
        en1_0.status,
        en1_0.subject,
        en1_0.type 
    from
        email_notification en1_0 
    where
        en1_0.status='PENDING' 
        and en1_0.next_attempt_at<=? 
    order by
        en1_0.next_attempt_at 
    fetch
        first ? rows only for no key update skip locked
Hibernate: 
    select
        en1_0.id,
        en1_0.attempts,
        en1_0.created_at,
        en1_0.last_attempt_at,
        en1_0.last_error,
        en1_0.next_attempt_at,
        en1_0.payload,
        en1_0.recipient,
        en1_0.related_order_id,
        en1_0.sent_at,
        en1_0.status,
        en1_0.subject,
        en1_0.type 
    from
        email_notification en1_0 
    where
        en1_0.status='PENDING' 
        and en1_0.next_attempt_at<=? 
    order by
        en1_0.next_attempt_at 
    fetch
        first ? rows only for no key update skip locked
2026-08-29T08:11:08.494+03:00 DEBUG 17212 --- [karvya-store] [   scheduling-1] org.hibernate.SQL                        : 
    select
        en1_0.id,
        en1_0.attempts,
        en1_0.created_at,
        en1_0.last_attempt_at,
        en1_0.last_error,
        en1_0.next_attempt_at,
        en1_0.payload,
        en1_0.recipient,
        en1_0.related_order_id,
        en1_0.sent_at,
        en1_0.status,
        en1_0.subject,
        en1_0.type 
    from
        email_notification en1_0 
    where
        en1_0.status='PENDING' 
        and en1_0.next_attempt_at<=? 
    order by
        en1_0.next_attempt_at 
    fetch
        first ? rows only for no key update skip locked
Hibernate: 
    select
        en1_0.id,
        en1_0.attempts,
        en1_0.created_at,
        en1_0.last_attempt_at,
        en1_0.last_error,
        en1_0.next_attempt_at,
        en1_0.payload,
        en1_0.recipient,
        en1_0.related_order_id,
        en1_0.sent_at,
        en1_0.status,
        en1_0.subject,
        en1_0.type 
    from
        email_notification en1_0 
    where
        en1_0.status='PENDING' 
        and en1_0.next_attempt_at<=? 
    order by
        en1_0.next_attempt_at 
    fetch
        first ? rows only for no key update skip locked
2026-08-29T08:11:23.513+03:00 DEBUG 17212 --- [karvya-store] [   scheduling-1] org.hibernate.SQL                        : 
    select
        en1_0.id,
        en1_0.attempts,
        en1_0.created_at,
        en1_0.last_attempt_at,
        en1_0.last_error,
        en1_0.next_attempt_at,
        en1_0.payload,
        en1_0.recipient,
        en1_0.related_order_id,
        en1_0.sent_at,
        en1_0.status,
        en1_0.subject,
        en1_0.type 
    from
        email_notification en1_0 
    where
        en1_0.status='PENDING' 
        and en1_0.next_attempt_at<=? 
    order by
        en1_0.next_attempt_at 
    fetch
        first ? rows only for no key update skip locked
Hibernate: 
    select
        en1_0.id,
        en1_0.attempts,
        en1_0.created_at,
        en1_0.last_attempt_at,
        en1_0.last_error,
        en1_0.next_attempt_at,
        en1_0.payload,
        en1_0.recipient,
        en1_0.related_order_id,
        en1_0.sent_at,
        en1_0.status,
        en1_0.subject,
        en1_0.type 
    from
        email_notification en1_0 
    where
        en1_0.status='PENDING' 
        and en1_0.next_attempt_at<=? 
    order by
        en1_0.next_attempt_at 
    fetch
        first ? rows only for no key update skip locked
2026-08-29T08:11:38.523+03:00 DEBUG 17212 --- [karvya-store] [   scheduling-1] org.hibernate.SQL                        : 
    select
        en1_0.id,
        en1_0.attempts,
        en1_0.created_at,
        en1_0.last_attempt_at,
        en1_0.last_error,
        en1_0.next_attempt_at,
        en1_0.payload,
        en1_0.recipient,
        en1_0.related_order_id,
        en1_0.sent_at,
        en1_0.status,
        en1_0.subject,
        en1_0.type 
    from
        email_notification en1_0 
    where
        en1_0.status='PENDING' 
        and en1_0.next_attempt_at<=? 
    order by
        en1_0.next_attempt_at 
    fetch
        first ? rows only for no key update skip locked
Hibernate: 
    select
        en1_0.id,
        en1_0.attempts,
        en1_0.created_at,
        en1_0.last_attempt_at,
        en1_0.last_error,
        en1_0.next_attempt_at,
        en1_0.payload,
        en1_0.recipient,
        en1_0.related_order_id,
        en1_0.sent_at,
        en1_0.status,
        en1_0.subject,
        en1_0.type 
    from
        email_notification en1_0 
    where
        en1_0.status='PENDING' 
        and en1_0.next_attempt_at<=? 
    order by
        en1_0.next_attempt_at 
    fetch
        first ? rows only for no key update skip locked
2026-08-29T08:11:53.536+03:00 DEBUG 17212 --- [karvya-store] [   scheduling-1] org.hibernate.SQL                        : 
    select
        en1_0.id,
        en1_0.attempts,
        en1_0.created_at,
        en1_0.last_attempt_at,
        en1_0.last_error,
        en1_0.next_attempt_at,
        en1_0.payload,
        en1_0.recipient,
        en1_0.related_order_id,
        en1_0.sent_at,
        en1_0.status,
        en1_0.subject,
        en1_0.type 
    from
        email_notification en1_0 
    where
        en1_0.status='PENDING' 
        and en1_0.next_attempt_at<=? 
    order by
        en1_0.next_attempt_at 
    fetch
        first ? rows only for no key update skip locked
Hibernate: 
    select
        en1_0.id,
        en1_0.attempts,
        en1_0.created_at,
        en1_0.last_attempt_at,
        en1_0.last_error,
        en1_0.next_attempt_at,
        en1_0.payload,
        en1_0.recipient,
        en1_0.related_order_id,
        en1_0.sent_at,
        en1_0.status,
        en1_0.subject,
        en1_0.type 
    from
        email_notification en1_0 
    where
        en1_0.status='PENDING' 
        and en1_0.next_attempt_at<=? 
    order by
        en1_0.next_attempt_at 
    fetch
        first ? rows only for no key update skip locked
2026-08-29T08:12:08.557+03:00 DEBUG 17212 --- [karvya-store] [   scheduling-1] org.hibernate.SQL                        : 
    select
        en1_0.id,
        en1_0.attempts,
        en1_0.created_at,
        en1_0.last_attempt_at,
        en1_0.last_error,
        en1_0.next_attempt_at,
        en1_0.payload,
        en1_0.recipient,
        en1_0.related_order_id,
        en1_0.sent_at,
        en1_0.status,
        en1_0.subject,
        en1_0.type 
    from
        email_notification en1_0 
    where
        en1_0.status='PENDING' 
        and en1_0.next_attempt_at<=? 
    order by
        en1_0.next_attempt_at 
    fetch
        first ? rows only for no key update skip locked
Hibernate: 
    select
        en1_0.id,
        en1_0.attempts,
        en1_0.created_at,
        en1_0.last_attempt_at,
        en1_0.last_error,
        en1_0.next_attempt_at,
        en1_0.payload,
        en1_0.recipient,
        en1_0.related_order_id,
        en1_0.sent_at,
        en1_0.status,
        en1_0.subject,
        en1_0.type 
    from
        email_notification en1_0 
    where
        en1_0.status='PENDING' 
        and en1_0.next_attempt_at<=? 
    order by
        en1_0.next_attempt_at 
    fetch
        first ? rows only for no key update skip locked
2026-08-29T08:12:23.569+03:00 DEBUG 17212 --- [karvya-store] [   scheduling-1] org.hibernate.SQL                        : 
    select
        en1_0.id,
        en1_0.attempts,
        en1_0.created_at,
        en1_0.last_attempt_at,
        en1_0.last_error,
        en1_0.next_attempt_at,
        en1_0.payload,
        en1_0.recipient,
        en1_0.related_order_id,
        en1_0.sent_at,
        en1_0.status,
        en1_0.subject,
        en1_0.type 
    from
        email_notification en1_0 
    where
        en1_0.status='PENDING' 
        and en1_0.next_attempt_at<=? 
    order by
        en1_0.next_attempt_at 
    fetch
        first ? rows only for no key update skip locked
Hibernate: 
    select
        en1_0.id,
        en1_0.attempts,
        en1_0.created_at,
        en1_0.last_attempt_at,
        en1_0.last_error,
        en1_0.next_attempt_at,
        en1_0.payload,
        en1_0.recipient,
        en1_0.related_order_id,
        en1_0.sent_at,
        en1_0.status,
        en1_0.subject,
        en1_0.type 
    from
        email_notification en1_0 
    where
        en1_0.status='PENDING' 
        and en1_0.next_attempt_at<=? 
    order by
        en1_0.next_attempt_at 
    fetch
        first ? rows only for no key update skip locked
2026-08-29T08:12:38.584+03:00 DEBUG 17212 --- [karvya-store] [   scheduling-1] org.hibernate.SQL                        : 
    select
        en1_0.id,
        en1_0.attempts,
        en1_0.created_at,
        en1_0.last_attempt_at,
        en1_0.last_error,
        en1_0.next_attempt_at,
        en1_0.payload,
        en1_0.recipient,
        en1_0.related_order_id,
        en1_0.sent_at,
        en1_0.status,
        en1_0.subject,
        en1_0.type 
    from
        email_notification en1_0 
    where
        en1_0.status='PENDING' 
        and en1_0.next_attempt_at<=? 
    order by
        en1_0.next_attempt_at 
    fetch
        first ? rows only for no key update skip locked
Hibernate: 
    select
        en1_0.id,
        en1_0.attempts,
        en1_0.created_at,
        en1_0.last_attempt_at,
        en1_0.last_error,
        en1_0.next_attempt_at,
        en1_0.payload,
        en1_0.recipient,
        en1_0.related_order_id,
        en1_0.sent_at,
        en1_0.status,
        en1_0.subject,
        en1_0.type 
    from
        email_notification en1_0 
    where
        en1_0.status='PENDING' 
        and en1_0.next_attempt_at<=? 
    order by
        en1_0.next_attempt_at 
    fetch
        first ? rows only for no key update skip locked
2026-08-29T08:12:53.594+03:00 DEBUG 17212 --- [karvya-store] [   scheduling-1] org.hibernate.SQL                        : 
    select
        en1_0.id,
        en1_0.attempts,
        en1_0.created_at,
        en1_0.last_attempt_at,
        en1_0.last_error,
        en1_0.next_attempt_at,
        en1_0.payload,
        en1_0.recipient,
        en1_0.related_order_id,
        en1_0.sent_at,
        en1_0.status,
        en1_0.subject,
        en1_0.type 
    from
        email_notification en1_0 
    where
        en1_0.status='PENDING' 
        and en1_0.next_attempt_at<=? 
    order by
        en1_0.next_attempt_at 
    fetch
        first ? rows only for no key update skip locked
Hibernate: 
    select
        en1_0.id,
        en1_0.attempts,
        en1_0.created_at,
        en1_0.last_attempt_at,
        en1_0.last_error,
        en1_0.next_attempt_at,
        en1_0.payload,
        en1_0.recipient,
        en1_0.related_order_id,
        en1_0.sent_at,
        en1_0.status,
        en1_0.subject,
        en1_0.type 
    from
        email_notification en1_0 
    where
        en1_0.status='PENDING' 
        and en1_0.next_attempt_at<=? 
    order by
        en1_0.next_attempt_at 
    fetch
        first ? rows only for no key update skip locked
2026-08-29T08:13:08.617+03:00 DEBUG 17212 --- [karvya-store] [   scheduling-1] org.hibernate.SQL                        : 
    select
        en1_0.id,
        en1_0.attempts,
        en1_0.created_at,
        en1_0.last_attempt_at,
        en1_0.last_error,
        en1_0.next_attempt_at,
        en1_0.payload,
        en1_0.recipient,
        en1_0.related_order_id,
        en1_0.sent_at,
        en1_0.status,
        en1_0.subject,
        en1_0.type 
    from
        email_notification en1_0 
    where
        en1_0.status='PENDING' 
        and en1_0.next_attempt_at<=? 
    order by
        en1_0.next_attempt_at 
    fetch
        first ? rows only for no key update skip locked
Hibernate: 
    select
        en1_0.id,
        en1_0.attempts,
        en1_0.created_at,
        en1_0.last_attempt_at,
        en1_0.last_error,
        en1_0.next_attempt_at,
        en1_0.payload,
        en1_0.recipient,
        en1_0.related_order_id,
        en1_0.sent_at,
        en1_0.status,
        en1_0.subject,
        en1_0.type 
    from
        email_notification en1_0 
    where
        en1_0.status='PENDING' 
        and en1_0.next_attempt_at<=? 
    order by
        en1_0.next_attempt_at 
    fetch
        first ? rows only for no key update skip locked
2026-08-29T08:13:23.630+03:00 DEBUG 17212 --- [karvya-store] [   scheduling-1] org.hibernate.SQL                        : 
    select
        en1_0.id,
        en1_0.attempts,
        en1_0.created_at,
        en1_0.last_attempt_at,
        en1_0.last_error,
        en1_0.next_attempt_at,
        en1_0.payload,
        en1_0.recipient,
        en1_0.related_order_id,
        en1_0.sent_at,
        en1_0.status,
        en1_0.subject,
        en1_0.type 
    from
        email_notification en1_0 
    where
        en1_0.status='PENDING' 
        and en1_0.next_attempt_at<=? 
    order by
        en1_0.next_attempt_at 
    fetch
        first ? rows only for no key update skip locked
Hibernate: 
    select
        en1_0.id,
        en1_0.attempts,
        en1_0.created_at,
        en1_0.last_attempt_at,
        en1_0.last_error,
        en1_0.next_attempt_at,
        en1_0.payload,
        en1_0.recipient,
        en1_0.related_order_id,
        en1_0.sent_at,
        en1_0.status,
        en1_0.subject,
        en1_0.type 
    from
        email_notification en1_0 
    where
        en1_0.status='PENDING' 
        and en1_0.next_attempt_at<=? 
    order by
        en1_0.next_attempt_at 
    fetch
        first ? rows only for no key update skip locked
2026-08-29T08:13:38.644+03:00 DEBUG 17212 --- [karvya-store] [   scheduling-1] org.hibernate.SQL                        : 
    select
        en1_0.id,
        en1_0.attempts,
        en1_0.created_at,
        en1_0.last_attempt_at,
        en1_0.last_error,
        en1_0.next_attempt_at,
        en1_0.payload,
        en1_0.recipient,
        en1_0.related_order_id,
        en1_0.sent_at,
        en1_0.status,
        en1_0.subject,
        en1_0.type 
    from
        email_notification en1_0 
    where
        en1_0.status='PENDING' 
        and en1_0.next_attempt_at<=? 
    order by
        en1_0.next_attempt_at 
    fetch
        first ? rows only for no key update skip locked
Hibernate: 
    select
        en1_0.id,
        en1_0.attempts,
        en1_0.created_at,
        en1_0.last_attempt_at,
        en1_0.last_error,
        en1_0.next_attempt_at,
        en1_0.payload,
        en1_0.recipient,
        en1_0.related_order_id,
        en1_0.sent_at,
        en1_0.status,
        en1_0.subject,
        en1_0.type 
    from
        email_notification en1_0 
    where
        en1_0.status='PENDING' 
        and en1_0.next_attempt_at<=? 
    order by
        en1_0.next_attempt_at 
    fetch
        first ? rows only for no key update skip locked
2026-08-29T08:13:53.659+03:00 DEBUG 17212 --- [karvya-store] [   scheduling-1] org.hibernate.SQL                        : 
    select
        en1_0.id,
        en1_0.attempts,
        en1_0.created_at,
        en1_0.last_attempt_at,
        en1_0.last_error,
        en1_0.next_attempt_at,
        en1_0.payload,
        en1_0.recipient,
        en1_0.related_order_id,
        en1_0.sent_at,
        en1_0.status,
        en1_0.subject,
        en1_0.type 
    from
        email_notification en1_0 
    where
        en1_0.status='PENDING' 
        and en1_0.next_attempt_at<=? 
    order by
        en1_0.next_attempt_at 
    fetch
        first ? rows only for no key update skip locked
Hibernate: 
    select
        en1_0.id,
        en1_0.attempts,
        en1_0.created_at,
        en1_0.last_attempt_at,
        en1_0.last_error,
        en1_0.next_attempt_at,
        en1_0.payload,
        en1_0.recipient,
        en1_0.related_order_id,
        en1_0.sent_at,
        en1_0.status,
        en1_0.subject,
        en1_0.type 
    from
        email_notification en1_0 
    where
        en1_0.status='PENDING' 
        and en1_0.next_attempt_at<=? 
    order by
        en1_0.next_attempt_at 
    fetch
        first ? rows only for no key update skip locked
2026-08-29T08:14:08.678+03:00 DEBUG 17212 --- [karvya-store] [   scheduling-1] org.hibernate.SQL                        : 
    select
        en1_0.id,
        en1_0.attempts,
        en1_0.created_at,
        en1_0.last_attempt_at,
        en1_0.last_error,
        en1_0.next_attempt_at,
        en1_0.payload,
        en1_0.recipient,
        en1_0.related_order_id,
        en1_0.sent_at,
        en1_0.status,
        en1_0.subject,
        en1_0.type 
    from
        email_notification en1_0 
    where
        en1_0.status='PENDING' 
        and en1_0.next_attempt_at<=? 
    order by
        en1_0.next_attempt_at 
    fetch
        first ? rows only for no key update skip locked
Hibernate: 
    select
        en1_0.id,
        en1_0.attempts,
        en1_0.created_at,
        en1_0.last_attempt_at,
        en1_0.last_error,
        en1_0.next_attempt_at,
        en1_0.payload,
        en1_0.recipient,
        en1_0.related_order_id,
        en1_0.sent_at,
        en1_0.status,
        en1_0.subject,
        en1_0.type 
    from
        email_notification en1_0 
    where
        en1_0.status='PENDING' 
        and en1_0.next_attempt_at<=? 
    order by
        en1_0.next_attempt_at 
    fetch
        first ? rows only for no key update skip locked
2026-08-29T08:14:23.688+03:00 DEBUG 17212 --- [karvya-store] [   scheduling-1] org.hibernate.SQL                        : 
    select
        en1_0.id,
        en1_0.attempts,
        en1_0.created_at,
        en1_0.last_attempt_at,
        en1_0.last_error,
        en1_0.next_attempt_at,
        en1_0.payload,
        en1_0.recipient,
        en1_0.related_order_id,
        en1_0.sent_at,
        en1_0.status,
        en1_0.subject,
        en1_0.type 
    from
        email_notification en1_0 
    where
        en1_0.status='PENDING' 
        and en1_0.next_attempt_at<=? 
    order by
        en1_0.next_attempt_at 
    fetch
        first ? rows only for no key update skip locked
Hibernate: 
    select
        en1_0.id,
        en1_0.attempts,
        en1_0.created_at,
        en1_0.last_attempt_at,
        en1_0.last_error,
        en1_0.next_attempt_at,
        en1_0.payload,
        en1_0.recipient,
        en1_0.related_order_id,
        en1_0.sent_at,
        en1_0.status,
        en1_0.subject,
        en1_0.type 
    from
        email_notification en1_0 
    where
        en1_0.status='PENDING' 
        and en1_0.next_attempt_at<=? 
    order by
        en1_0.next_attempt_at 
    fetch
        first ? rows only for no key update skip locked
2026-08-29T08:14:38.751+03:00 DEBUG 17212 --- [karvya-store] [   scheduling-1] org.hibernate.SQL                        : 
    select
        en1_0.id,
        en1_0.attempts,
        en1_0.created_at,
        en1_0.last_attempt_at,
        en1_0.last_error,
        en1_0.next_attempt_at,
        en1_0.payload,
        en1_0.recipient,
        en1_0.related_order_id,
        en1_0.sent_at,
        en1_0.status,
        en1_0.subject,
        en1_0.type 
    from
        email_notification en1_0 
    where
        en1_0.status='PENDING' 
        and en1_0.next_attempt_at<=? 
    order by
        en1_0.next_attempt_at 
    fetch
        first ? rows only for no key update skip locked
Hibernate: 
    select
        en1_0.id,
        en1_0.attempts,
        en1_0.created_at,
        en1_0.last_attempt_at,
        en1_0.last_error,
        en1_0.next_attempt_at,
        en1_0.payload,
        en1_0.recipient,
        en1_0.related_order_id,
        en1_0.sent_at,
        en1_0.status,
        en1_0.subject,
        en1_0.type 
    from
        email_notification en1_0 
    where
        en1_0.status='PENDING' 
        and en1_0.next_attempt_at<=? 
    order by
        en1_0.next_attempt_at 
    fetch
        first ? rows only for no key update skip locked
[INFO] ------------------------------------------------------------------------
[INFO] BUILD FAILURE
[INFO] ------------------------------------------------------------------------
[INFO] Total time:  15:49 min
[INFO] Finished at: 2026-08-29T08:14:50+03:00
[INFO] ------------------------------------------------------------------------
[ERROR] Failed to execute goal org.springframework.boot:spring-boot-maven-plugin:3.5.4:run (default-cli) on project karvya-store: Process terminated with exit code: -1 -> [Help 1]
[ERROR] 
[ERROR] To see the full stack trace of the errors, re-run Maven with the -e switch.
[ERROR] Re-run Maven using the -X switch to enable full debug logging.
[ERROR] 
[ERROR] For more information about the errors and possible solutions, please read the following articles:
[ERROR] [Help 1] http://cwiki.apache.org/confluence/display/MAVEN/MojoExecutionException
